{"v":"5.6.5","fr":60,"ip":0,"op":85,"w":800,"h":1000,"nm":"Comp 2","ddd":0,"assets":[{"id":"comp_0","layers":[{"ddd":0,"ind":1,"ty":4,"nm":"g884","parent":5,"sr":1,"ks":{"o":{"a":0,"k":100,"ix":11},"r":{"a":1,"k":[{"i":{"x":[0.833],"y":[1]},"o":{"x":[0.167],"y":[0.167]},"t":0,"s":[0]},{"i":{"x":[0.667],"y":[1]},"o":{"x":[0.167],"y":[0]},"t":34,"s":[3.6]},{"i":{"x":[0.833],"y":[1]},"o":{"x":[0.333],"y":[0]},"t":64,"s":[0]},{"i":{"x":[0.833],"y":[0.833]},"o":{"x":[0.167],"y":[0]},"t":95,"s":[3.6]},{"t":120,"s":[0]}],"ix":10},"p":{"a":0,"k":[418.568,181.517,0],"ix":2},"a":{"a":0,"k":[418.568,181.517,0],"ix":1},"s":{"a":0,"k":[100,100,100],"ix":6}},"ao":0,"shapes":[{"ty":"gr","it":[{"ind":0,"ty":"sh","ix":1,"ks":{"a":0,"k":{"i":[[16.549,5.697],[0,0]],"o":[[25.909,0.95],[0,0]],"v":[[-17.635,-15.464],[17.635,15.464]],"c":true},"ix":2},"nm":"Path 1","mn":"ADBE Vector Shape - Group","hd":false},{"ty":"fl","c":{"a":0,"k":[0.070588238537,0.070588238537,0.082352943718,1],"ix":4},"o":{"a":0,"k":100,"ix":5},"r":1,"bm":0,"nm":"Fill 1","mn":"ADBE Vector Graphic - Fill","hd":false},{"ty":"tr","p":{"a":0,"k":[413.612,99.664],"ix":2},"a":{"a":0,"k":[0,0],"ix":1},"s":{"a":0,"k":[100,100],"ix":3},"r":{"a":0,"k":0,"ix":6},"o":{"a":0,"k":100,"ix":7},"sk":{"a":0,"k":0,"ix":4},"sa":{"a":0,"k":0,"ix":5},"nm":"Transform"}],"nm":"path36","np":2,"cix":2,"bm":0,"ix":1,"mn":"ADBE Vector Group","hd":false},{"ty":"gr","it":[{"ind":0,"ty":"sh","ix":1,"ks":{"a":0,"k":{"i":[[0,0],[-1.492,-2.17],[0.407,10.038],[-11.259,-2.17],[-0.814,4.748],[27.266,7.325],[0,0],[-3.12,-28.08],[-5.426,-7.054],[0,0],[-7.868,2.849]],"o":[[7.732,-2.849],[4.476,-10.716],[6.24,2.306],[16.549,3.256],[5.833,-34.048],[-27.13,-7.325],[0,0],[1.899,17.499],[4.341,5.426],[0,0],[0,0]],"v":[[-39.466,25.39],[-21.018,40.175],[6.384,7.619],[32.7,7.891],[58.338,5.856],[9.368,-49.354],[-36.211,-36.467],[-58.864,6.941],[-44.214,48.179],[-36.889,49.4],[-39.466,25.39]],"c":true},"ix":2},"nm":"Path 1","mn":"ADBE Vector Shape - Group","hd":false},{"ty":"fl","c":{"a":0,"k":[0.192156866193,0.192156866193,0.203921571374,1],"ix":4},"o":{"a":0,"k":100,"ix":5},"r":1,"bm":0,"nm":"Fill 1","mn":"ADBE Vector Graphic - Fill","hd":false},{"ty":"tr","p":{"a":0,"k":[429.068,116.055],"ix":2},"a":{"a":0,"k":[0,0],"ix":1},"s":{"a":0,"k":[100,100],"ix":3},"r":{"a":0,"k":0,"ix":6},"o":{"a":0,"k":100,"ix":7},"sk":{"a":0,"k":0,"ix":4},"sa":{"a":0,"k":0,"ix":5},"nm":"Transform"}],"nm":"path34","np":2,"cix":2,"bm":0,"ix":2,"mn":"ADBE Vector Group","hd":false},{"ty":"gr","it":[{"ind":0,"ty":"sh","ix":1,"ks":{"a":0,"k":{"i":[[0,0],[1.763,-4.883],[9.224,1.085],[0,0],[2.442,5.29],[0,0],[0,0],[0,0],[0,0],[0,0],[-0.543,-5.426]],"o":[[0.95,11.802],[-1.899,4.883],[-45.85,-5.155],[0,0],[-3.798,-3.527],[0,0],[0,0],[0,0],[0,0],[0,0.136],[0,0]],"v":[[53.2,-26.927],[45.196,51.207],[27.426,60.567],[-25.749,20.822],[-38.093,13.09],[-47.86,-4.274],[-53.286,-31.811],[-27.648,-51.209],[14.132,-60.704],[45.196,-51.209],[53.2,-26.927]],"c":true},"ix":2},"nm":"Path 1","mn":"ADBE Vector Shape - Group","hd":false},{"ty":"fl","c":{"a":0,"k":[0.964705884457,0.772549033165,0.666666686535,1],"ix":4},"o":{"a":0,"k":100,"ix":5},"r":1,"bm":0,"nm":"Fill 1","mn":"ADBE Vector Graphic - Fill","hd":false},{"ty":"tr","p":{"a":0,"k":[430.272,152.229],"ix":2},"a":{"a":0,"k":[0,0],"ix":1},"s":{"a":0,"k":[100,100],"ix":3},"r":{"a":0,"k":0,"ix":6},"o":{"a":0,"k":100,"ix":7},"sk":{"a":0,"k":0,"ix":4},"sa":{"a":0,"k":0,"ix":5},"nm":"Transform"}],"nm":"path32","np":2,"cix":2,"bm":0,"ix":3,"mn":"ADBE Vector Group","hd":false}],"ip":0,"op":601,"st":0,"bm":0},{"ddd":0,"ind":2,"ty":4,"nm":"forearm_L","parent":3,"sr":1,"ks":{"o":{"a":0,"k":100,"ix":11},"r":{"a":1,"k":[{"i":{"x":[0.833],"y":[0.833]},"o":{"x":[0.167],"y":[0.167]},"t":0,"s":[44.428]},{"i":{"x":[0.833],"y":[0.833]},"o":{"x":[0.167],"y":[0.167]},"t":60,"s":[43.262]},{"t":120,"s":[44.428]}],"ix":10},"p":{"a":0,"k":[-43.582,44.134,0],"ix":2},"a":{"a":0,"k":[257.492,354.517,0],"ix":1},"s":{"a":0,"k":[100,100,100],"ix":6}},"ao":0,"shapes":[{"ty":"gr","it":[{"ty":"gr","it":[{"ty":"gr","it":[{"ind":0,"ty":"sh","ix":1,"ks":{"a":0,"k":{"i":[[0,0],[9.903,-5.833],[0,0],[5.019,9.224],[0,0],[0,0],[-28.758,2.984]],"o":[[0,0],[4.748,6.376],[0,0],[-13.429,5.697],[0,0],[0,0],[0,0]],"v":[[19.873,-26.859],[-4.137,-19.398],[4.002,1.899],[-15.668,-12.615],[-33.574,6.783],[-9.156,26.859],[33.574,2.306]],"c":true},"ix":2},"nm":"Path 1","mn":"ADBE Vector Shape - Group","hd":false},{"ty":"fl","c":{"a":0,"k":[0.411764711142,0.713725507259,0.156862750649,1],"ix":4},"o":{"a":0,"k":100,"ix":5},"r":1,"bm":0,"nm":"Fill 1","mn":"ADBE Vector Graphic - Fill","hd":false},{"ty":"tr","p":{"a":0,"k":[0,0],"ix":2},"a":{"a":0,"k":[0,0],"ix":1},"s":{"a":0,"k":[100,100],"ix":3},"r":{"a":0,"k":0,"ix":6},"o":{"a":0,"k":100,"ix":7},"sk":{"a":0,"k":0,"ix":4},"sa":{"a":0,"k":0,"ix":5},"nm":"Transform"}],"nm":"path42","np":2,"cix":2,"bm":0,"ix":1,"mn":"ADBE Vector Group","hd":false},{"ty":"tr","p":{"a":0,"k":[271.925,388.192],"ix":2},"a":{"a":0,"k":[0,0],"ix":1},"s":{"a":0,"k":[100,100],"ix":3},"r":{"a":0,"k":0,"ix":6},"o":{"a":0,"k":100,"ix":7},"sk":{"a":0,"k":0,"ix":4},"sa":{"a":0,"k":0,"ix":5},"nm":"Transform"}],"nm":"path442","np":1,"cix":2,"bm":0,"ix":1,"mn":"ADBE Vector Group","hd":false},{"ty":"gr","it":[{"ty":"gr","it":[{"ind":0,"ty":"sh","ix":1,"ks":{"a":0,"k":{"i":[[0,0],[-16.586,-15.262],[12.101,15.693],[0,0],[0,0],[0,0]],"o":[[0,0],[18.676,19.624],[-19.805,-21.704],[0,0],[0,0],[0,0]],"v":[[-1.125,-40.084],[38.078,17.025],[13.118,37.508],[-43.855,-15.531],[-43.855,-28.011],[-17.267,-43.747]],"c":true},"ix":2},"nm":"Path 1","mn":"ADBE Vector Shape - Group","hd":false},{"ty":"fl","c":{"a":0,"k":[0.964705884457,0.772549033165,0.666666686535,1],"ix":4},"o":{"a":0,"k":100,"ix":5},"r":1,"bm":0,"nm":"Fill 1","mn":"ADBE Vector Graphic - Fill","hd":false},{"ty":"tr","p":{"a":0,"k":[0,0],"ix":2},"a":{"a":0,"k":[0,0],"ix":1},"s":{"a":0,"k":[100,100],"ix":3},"r":{"a":0,"k":0,"ix":6},"o":{"a":0,"k":100,"ix":7},"sk":{"a":0,"k":0,"ix":4},"sa":{"a":0,"k":0,"ix":5},"nm":"Transform"}],"nm":"path38","np":2,"cix":2,"bm":0,"ix":1,"mn":"ADBE Vector Group","hd":false},{"ty":"tr","p":{"a":0,"k":[306.488,430.583],"ix":2},"a":{"a":0,"k":[0,0],"ix":1},"s":{"a":0,"k":[100,100],"ix":3},"r":{"a":0,"k":0,"ix":6},"o":{"a":0,"k":100,"ix":7},"sk":{"a":0,"k":0,"ix":4},"sa":{"a":0,"k":0,"ix":5},"nm":"Transform"}],"nm":"path338","np":1,"cix":2,"bm":0,"ix":2,"mn":"ADBE Vector Group","hd":false},{"ty":"tr","p":{"a":0,"k":[268.347,392.331],"ix":2},"a":{"a":0,"k":[268.347,392.331],"ix":1},"s":{"a":0,"k":[100,100],"ix":3},"r":{"a":0,"k":0,"ix":6},"o":{"a":0,"k":100,"ix":7},"sk":{"a":0,"k":0,"ix":4},"sa":{"a":0,"k":0,"ix":5},"nm":"Transform"}],"nm":"path42 :M","np":2,"cix":2,"bm":0,"ix":1,"mn":"ADBE Vector Group","hd":false},{"ty":"gr","it":[{"ty":"gr","it":[{"ind":0,"ty":"sh","ix":1,"ks":{"a":0,"k":{"i":[[10.527,0.013],[0.001,-16.549],[0,-0.001],[-0.466,-2.085],[0,0],[0,0],[-10.445,12.751],[0,0],[2.3,3.875],[0,0],[0,0]],"o":[[-16.549,-0.001],[0,0.001],[0.013,2.137],[0,0],[2.229,15.961],[0,0],[0,0],[-0.389,-4.49],[0,0],[0,0],[-5.404,-9.034]],"v":[[-3.762,-39.251],[-33.727,-9.289],[-33.727,-9.286],[-33.007,-2.936],[-33.041,-2.922],[-11.716,39.251],[33.727,11.986],[26.076,-11.827],[21.99,-24.536],[21.945,-24.679],[21.916,-24.669]],"c":true},"ix":2},"nm":"Path 1","mn":"ADBE Vector Shape - Group","hd":false},{"ty":"fl","c":{"a":0,"k":[0.301960796118,0.301960796118,0.301960796118,1],"ix":4},"o":{"a":0,"k":100,"ix":5},"r":1,"bm":0,"nm":"Fill 1","mn":"ADBE Vector Graphic - Fill","hd":false},{"ty":"tr","p":{"a":0,"k":[0,0],"ix":2},"a":{"a":0,"k":[0,0],"ix":1},"s":{"a":0,"k":[100,100],"ix":3},"r":{"a":0,"k":0,"ix":6},"o":{"a":0,"k":100,"ix":7},"sk":{"a":0,"k":0,"ix":4},"sa":{"a":0,"k":0,"ix":5},"nm":"Transform"}],"nm":"path891","np":2,"cix":2,"bm":0,"ix":1,"mn":"ADBE Vector Group","hd":false},{"ty":"tr","p":{"a":0,"k":[261.869,363.456],"ix":2},"a":{"a":0,"k":[0,0],"ix":1},"s":{"a":0,"k":[100,100],"ix":3},"r":{"a":0,"k":0,"ix":6},"o":{"a":0,"k":100,"ix":7},"sk":{"a":0,"k":0,"ix":4},"sa":{"a":0,"k":0,"ix":5},"nm":"Transform"}],"nm":"path89891","np":1,"cix":2,"bm":0,"ix":2,"mn":"ADBE Vector Group","hd":false}],"ip":0,"op":601,"st":0,"bm":0},{"ddd":0,"ind":3,"ty":4,"nm":"path40","parent":5,"sr":1,"ks":{"o":{"a":0,"k":100,"ix":11},"r":{"a":1,"k":[{"i":{"x":[0.833],"y":[0.833]},"o":{"x":[0.167],"y":[0.167]},"t":0,"s":[-25.444]},{"i":{"x":[0.833],"y":[0.833]},"o":{"x":[0.167],"y":[0.167]},"t":60,"s":[-56.027]},{"t":120,"s":[-25.444]}],"ix":10},"p":{"a":0,"k":[338.574,270.883,0],"ix":2},"a":{"a":0,"k":[37.5,-39.5,0],"ix":1},"s":{"a":0,"k":[100,100,100],"ix":6}},"ao":0,"shapes":[{"ty":"gr","it":[{"ind":0,"ty":"sh","ix":1,"ks":{"a":0,"k":{"i":[[7.866,-0.046],[0.523,-0.029],[0,0],[5.969,-13.429],[0.022,-0.041],[0.29,-0.487],[0.08,-0.692],[0,0],[0.011,-4.339],[-16.548,0.001],[-5.358,4.419],[0,0],[0,0],[-0.525,0.525],[0,0],[23.332,29.029]],"o":[[-0.524,0.003],[-18.405,1.026],[0,0],[-0.016,0.035],[-0.317,0.47],[-0.753,1.113],[0,0],[-1.83,3.934],[0.001,16.548],[6.945,-0.007],[0,0],[0,0],[0.563,-0.485],[0,0],[0,-0.136],[-6.875,-8.505]],"v":[[41.512,-73.749],[39.941,-73.701],[4.288,-55.942],[-67.445,26.505],[-67.538,26.659],[-68.449,28.095],[-70.164,31.21],[-70.137,31.229],[-72.932,43.787],[-42.967,73.75],[-23.936,66.904],[-23.918,66.917],[-23.306,66.347],[-21.674,64.832],[56.513,-7.786],[64.247,-62.317]],"c":true},"ix":2},"nm":"Path 1","mn":"ADBE Vector Shape - Group","hd":false},{"ty":"fl","c":{"a":0,"k":[0.301960796118,0.301960796118,0.301960796118,1],"ix":4},"o":{"a":0,"k":100,"ix":5},"r":1,"bm":0,"nm":"Fill 1","mn":"ADBE Vector Graphic - Fill","hd":false},{"ty":"tr","p":{"a":0,"k":[0,0],"ix":2},"a":{"a":0,"k":[0,0],"ix":1},"s":{"a":0,"k":[100,100],"ix":3},"r":{"a":0,"k":0,"ix":6},"o":{"a":0,"k":100,"ix":7},"sk":{"a":0,"k":0,"ix":4},"sa":{"a":0,"k":0,"ix":5},"nm":"Transform"}],"nm":"path40","np":2,"cix":2,"bm":0,"ix":1,"mn":"ADBE Vector Group","hd":false}],"ip":0,"op":601,"st":0,"bm":0},{"ddd":0,"ind":4,"ty":4,"nm":"path16","parent":2,"sr":1,"ks":{"o":{"a":0,"k":100,"ix":11},"r":{"a":1,"k":[{"i":{"x":[0.833],"y":[0.833]},"o":{"x":[0.167],"y":[0.167]},"t":0,"s":[9.759]},{"i":{"x":[0.833],"y":[0.833]},"o":{"x":[0.167],"y":[0.167]},"t":60,"s":[-21.284]},{"t":120,"s":[9.759]}],"ix":10},"p":{"a":0,"k":[329.768,454.708,0],"ix":2},"a":{"a":0,"k":[-17.125,-22.125,0],"ix":1},"s":{"a":0,"k":[100,100,100],"ix":6}},"ao":0,"shapes":[{"ty":"gr","it":[{"ind":0,"ty":"sh","ix":1,"ks":{"a":0,"k":{"i":[[0,0],[-4.205,-6.24],[0,0],[10.716,-9.496],[7.325,9.902],[0,0],[-12.673,8.978]],"o":[[0,0],[4.205,6.24],[0,0],[-4.07,3.527],[-7.732,-10.309],[0,0],[12.397,-8.783]],"v":[[-2.327,-29.225],[23.989,-14.439],[22.632,-1.417],[27.109,33.174],[-9.653,25.306],[-27.287,-8.878],[-24.465,-31.521]],"c":true},"ix":2},"nm":"Path 1","mn":"ADBE Vector Shape - Group","hd":false},{"ty":"fl","c":{"a":0,"k":[0.964705884457,0.772549033165,0.666666686535,1],"ix":4},"o":{"a":0,"k":100,"ix":5},"r":1,"bm":0,"nm":"Fill 1","mn":"ADBE Vector Graphic - Fill","hd":false},{"ty":"tr","p":{"a":0,"k":[0,0],"ix":2},"a":{"a":0,"k":[0,0],"ix":1},"s":{"a":0,"k":[100,100],"ix":3},"r":{"a":0,"k":0,"ix":6},"o":{"a":0,"k":100,"ix":7},"sk":{"a":0,"k":0,"ix":4},"sa":{"a":0,"k":0,"ix":5},"nm":"Transform"}],"nm":"path16","np":2,"cix":2,"bm":0,"ix":1,"mn":"ADBE Vector Group","hd":false}],"ip":0,"op":601,"st":0,"bm":0},{"ddd":0,"ind":5,"ty":4,"nm":"body","sr":1,"ks":{"o":{"a":0,"k":100,"ix":11},"r":{"a":1,"k":[{"i":{"x":[0.667],"y":[1]},"o":{"x":[0.167],"y":[0.167]},"t":2,"s":[0]},{"i":{"x":[0.667],"y":[1]},"o":{"x":[0.333],"y":[0]},"t":31.5,"s":[3.786]},{"i":{"x":[0.667],"y":[1]},"o":{"x":[0.333],"y":[0]},"t":61,"s":[0]},{"i":{"x":[0.833],"y":[0.833]},"o":{"x":[0.333],"y":[0]},"t":90.5,"s":[3.786]},{"t":120,"s":[0]}],"ix":10},"p":{"a":0,"k":[434.477,436.905,0],"ix":2},"a":{"a":0,"k":[434.477,436.905,0],"ix":1},"s":{"a":0,"k":[100,100,100],"ix":6}},"ao":0,"shapes":[{"ty":"gr","it":[{"ind":0,"ty":"sh","ix":1,"ks":{"a":0,"k":{"i":[[2.306,-6.511],[0,0]],"o":[[-2.306,6.511],[0,0]],"v":[[-24.991,-4.26],[25.065,5.778]],"c":true},"ix":2},"nm":"Path 1","mn":"ADBE Vector Shape - Group","hd":false},{"ty":"fl","c":{"a":0,"k":[0.301960796118,0.301960796118,0.301960796118,1],"ix":4},"o":{"a":0,"k":100,"ix":5},"r":1,"bm":0,"nm":"Fill 1","mn":"ADBE Vector Graphic - Fill","hd":false},{"ty":"tr","p":{"a":0,"k":[389.361,396.794],"ix":2},"a":{"a":0,"k":[0,0],"ix":1},"s":{"a":0,"k":[100,100],"ix":3},"r":{"a":0,"k":0,"ix":6},"o":{"a":0,"k":100,"ix":7},"sk":{"a":0,"k":0,"ix":4},"sa":{"a":0,"k":0,"ix":5},"nm":"Transform"}],"nm":"path44","np":2,"cix":2,"bm":0,"ix":1,"mn":"ADBE Vector Group","hd":false},{"ty":"gr","it":[{"ind":0,"ty":"sh","ix":1,"ks":{"a":0,"k":{"i":[[0,0],[-8.817,-56.566],[7.732,-5.969],[23.603,10.445],[0,0],[-10.174,12.751],[0,0.407],[0,0],[-4.476,16.685]],"o":[[0,0],[8.953,56.566],[-39.746,14.108],[-7.325,-4.07],[0,0],[0,-0.543],[0,-22.247],[0,0],[29.165,-23.196]],"v":[[-12.975,-161.252],[64.753,-56.394],[49.289,159.155],[-35.9,101.503],[-50.414,94.992],[-36.171,40.868],[-36.171,39.375],[-65.336,-27.229],[-65.336,-113.638]],"c":true},"ix":2},"nm":"Path 1","mn":"ADBE Vector Shape - Group","hd":false},{"ty":"fl","c":{"a":0,"k":[0.345098039216,0.338331424489,0.338331424489,1],"ix":4},"o":{"a":0,"k":100,"ix":5},"r":1,"bm":0,"nm":"Fill 1","mn":"ADBE Vector Graphic - Fill","hd":false},{"ty":"tr","p":{"a":0,"k":[394.844,352.615],"ix":2},"a":{"a":0,"k":[0,0],"ix":1},"s":{"a":0,"k":[100,100],"ix":3},"r":{"a":0,"k":0,"ix":6},"o":{"a":0,"k":100,"ix":7},"sk":{"a":0,"k":0,"ix":4},"sa":{"a":0,"k":0,"ix":5},"nm":"Transform"}],"nm":"path30","np":2,"cix":2,"bm":0,"ix":2,"mn":"ADBE Vector Group","hd":false},{"ty":"gr","it":[{"ind":0,"ty":"sh","ix":1,"ks":{"a":0,"k":{"i":[[0,0],[-6.647,-45.986],[-5.019,0],[0,20.755],[0,26.045],[0,0]],"o":[[0,0],[9.224,63.484],[10.581,-0.136],[-0.136,-20.755],[0,-40.153],[0,0]],"v":[[-31.674,-129.953],[-1.289,-63.484],[-1.289,151.929],[31.674,101.467],[28.554,-68.775],[-17.024,-151.929]],"c":true},"ix":2},"nm":"Path 1","mn":"ADBE Vector Shape - Group","hd":false},{"ty":"fl","c":{"a":0,"k":[0.345098039216,0.338331424489,0.338331424489,1],"ix":4},"o":{"a":0,"k":100,"ix":5},"r":1,"bm":0,"nm":"Fill 1","mn":"ADBE Vector Graphic - Fill","hd":false},{"ty":"tr","p":{"a":0,"k":[484.761,336.238],"ix":2},"a":{"a":0,"k":[0,0],"ix":1},"s":{"a":0,"k":[100,100],"ix":3},"r":{"a":0,"k":0,"ix":6},"o":{"a":0,"k":100,"ix":7},"sk":{"a":0,"k":0,"ix":4},"sa":{"a":0,"k":0,"ix":5},"nm":"Transform"}],"nm":"path28","np":2,"cix":2,"bm":0,"ix":3,"mn":"ADBE Vector Group","hd":false},{"ty":"gr","it":[{"ind":0,"ty":"sh","ix":1,"ks":{"a":0,"k":{"i":[[0,0],[-7.325,4.883],[0,0],[0,0],[0,0],[0,0],[40.424,-7.596],[0,0],[0,2.577],[0,0]],"o":[[0,0],[7.461,-4.883],[0,0],[0,0],[0,0],[0,0],[-5.426,-6.24],[0,0],[0,-2.849],[0,0]],"v":[[-40.763,-104.654],[-6.036,-93.531],[-3.73,-119.712],[19.873,-116.592],[50.53,-40.627],[40.22,93.531],[-13.09,119.712],[-20.28,-8.885],[-50.53,-60.432],[-40.763,-104.654]],"c":true},"ix":2},"nm":"Path 1","mn":"ADBE Vector Shape - Group","hd":false},{"ty":"fl","c":{"a":0,"k":[0.411764711142,0.713725507259,0.156862750649,1],"ix":4},"o":{"a":0,"k":100,"ix":5},"r":1,"bm":0,"nm":"Fill 1","mn":"ADBE Vector Graphic - Fill","hd":false},{"ty":"tr","p":{"a":0,"k":[451.391,320.435],"ix":2},"a":{"a":0,"k":[0,0],"ix":1},"s":{"a":0,"k":[100,100],"ix":3},"r":{"a":0,"k":0,"ix":6},"o":{"a":0,"k":100,"ix":7},"sk":{"a":0,"k":0,"ix":4},"sa":{"a":0,"k":0,"ix":5},"nm":"Transform"}],"nm":"path26","np":2,"cix":2,"bm":0,"ix":4,"mn":"ADBE Vector Group","hd":false},{"ty":"gr","it":[{"ind":0,"ty":"sh","ix":1,"ks":{"a":0,"k":{"i":[[0,0],[0,0],[0,-3.934],[0,0]],"o":[[0,0],[0,0],[-15.735,22.382],[0,0]],"v":[[-22.857,2.238],[21.365,-23.264],[22.857,-1.967],[-22.857,23.264]],"c":true},"ix":2},"nm":"Path 1","mn":"ADBE Vector Shape - Group","hd":false},{"ty":"fl","c":{"a":0,"k":[0.070588238537,0.070588238537,0.082352943718,1],"ix":4},"o":{"a":0,"k":100,"ix":5},"r":1,"bm":0,"nm":"Fill 1","mn":"ADBE Vector Graphic - Fill","hd":false},{"ty":"tr","p":{"a":0,"k":[470.382,429.498],"ix":2},"a":{"a":0,"k":[0,0],"ix":1},"s":{"a":0,"k":[100,100],"ix":3},"r":{"a":0,"k":0,"ix":6},"o":{"a":0,"k":100,"ix":7},"sk":{"a":0,"k":0,"ix":4},"sa":{"a":0,"k":0,"ix":5},"nm":"Transform"}],"nm":"path24","np":2,"cix":2,"bm":0,"ix":5,"mn":"ADBE Vector Group","hd":false},{"ty":"gr","it":[{"ind":0,"ty":"sh","ix":1,"ks":{"a":0,"k":{"i":[[0,0],[0,0],[0,0],[0,0],[0,0],[0,0],[0,0],[0,0],[0,0],[0,0],[-0.543,-1.899]],"o":[[0.543,10.038],[0,0],[0,0],[0,0],[0,0],[0,0],[0,0],[0,0],[0,0],[-0.136,0.136],[0,0]],"v":[[-32.217,-30.86],[-39.678,-5.629],[-41.577,17.974],[-9.021,37.507],[27.334,38.728],[41.577,21.772],[35.066,-1.289],[1.831,-36.965],[-24.756,-38.728],[-33.98,-37.236],[-32.217,-30.861]],"c":true},"ix":2},"nm":"Path 1","mn":"ADBE Vector Shape - Group","hd":false},{"ty":"fl","c":{"a":0,"k":[0.929411768913,0.674509823322,0.533333361149,1],"ix":4},"o":{"a":0,"k":100,"ix":5},"r":1,"bm":0,"nm":"Fill 1","mn":"ADBE Vector Graphic - Fill","hd":false},{"ty":"tr","p":{"a":0,"k":[422.497,197.671],"ix":2},"a":{"a":0,"k":[0,0],"ix":1},"s":{"a":0,"k":[100,100],"ix":3},"r":{"a":0,"k":0,"ix":6},"o":{"a":0,"k":100,"ix":7},"sk":{"a":0,"k":0,"ix":4},"sa":{"a":0,"k":0,"ix":5},"nm":"Transform"}],"nm":"path6","np":2,"cix":2,"bm":0,"ix":6,"mn":"ADBE Vector Group","hd":false}],"ip":0,"op":601,"st":0,"bm":0},{"ddd":0,"ind":6,"ty":4,"nm":"path14","sr":1,"ks":{"o":{"a":0,"k":100,"ix":11},"r":{"a":1,"k":[{"i":{"x":[0.667],"y":[1]},"o":{"x":[0.333],"y":[0]},"t":0,"s":[0]},{"t":120,"s":[0]}],"ix":10},"p":{"a":0,"k":[420.774,484.431,0],"ix":2},"a":{"a":0,"k":[0,0,0],"ix":1},"s":{"a":0,"k":[100,100,100],"ix":6}},"ao":0,"shapes":[{"ty":"gr","it":[{"ind":0,"ty":"sh","ix":1,"ks":{"a":0,"k":{"i":[[6.694,0.054],[2.774,-0.08],[0,0],[0,0],[0,0],[-97.421,78.179],[-3.12,47.478]],"o":[[-2.231,-0.018],[-33.287,0.954],[0,0],[0,0],[-0.927,58.759],[0,0],[0.331,-1.221]],"v":[[65.914,-63.451],[58.377,-63.355],[-42.974,-55.001],[-76.209,-36.824],[-76.209,-34.537],[26.75,32.223],[76.263,-61.649]],"c":true},"ix":2},"nm":"Path 1","mn":"ADBE Vector Shape - Group","hd":false},{"ty":"fl","c":{"a":0,"k":[0.301960796118,0.301960796118,0.301960796118,1],"ix":4},"o":{"a":0,"k":100,"ix":5},"r":1,"bm":0,"nm":"Fill 1","mn":"ADBE Vector Graphic - Fill","hd":false},{"ty":"tr","p":{"a":0,"k":[0,0],"ix":2},"a":{"a":0,"k":[0,0],"ix":1},"s":{"a":0,"k":[100,100],"ix":3},"r":{"a":0,"k":0,"ix":6},"o":{"a":0,"k":100,"ix":7},"sk":{"a":0,"k":0,"ix":4},"sa":{"a":0,"k":0,"ix":5},"nm":"Transform"}],"nm":"path14","np":2,"cix":2,"bm":0,"ix":1,"mn":"ADBE Vector Group","hd":false}],"ip":0,"op":601,"st":0,"bm":0},{"ddd":0,"ind":7,"ty":4,"nm":"path963","sr":1,"ks":{"o":{"a":0,"k":100,"ix":11},"r":{"a":1,"k":[{"i":{"x":[0.833],"y":[0.833]},"o":{"x":[0.333],"y":[0]},"t":0,"s":[0]},{"i":{"x":[0.833],"y":[0.833]},"o":{"x":[0.167],"y":[0.167]},"t":30,"s":[10.323]},{"i":{"x":[0.667],"y":[1]},"o":{"x":[0.167],"y":[0.167]},"t":60,"s":[29.524]},{"t":120,"s":[0]}],"ix":10},"p":{"a":0,"k":[394.439,492.226,0],"ix":2},"a":{"a":0,"k":[-9.5,-102.5,0],"ix":1},"s":{"a":0,"k":[100,100,100],"ix":6}},"ao":0,"shapes":[{"ty":"gr","it":[{"ind":0,"ty":"sh","ix":1,"ks":{"a":0,"k":{"i":[[0,0],[24.23,-29.707],[-0.767,-3.809],[-12.053,-40.148],[0,0],[-16.55,-0.016],[-0.001,18.419]],"o":[[-7.434,-73.016],[-5.992,7.346],[14.588,72.437],[0,0],[2.387,16.377],[18.419,-0.001],[0.767,-22.96]],"v":[[43.586,-78.072],[-55.063,-113.219],[-56.012,-85.755],[-8.176,106.309],[-8.144,106.307],[24.828,134.849],[58.179,101.498]],"c":true},"ix":2},"nm":"Path 1","mn":"ADBE Vector Shape - Group","hd":false},{"ty":"fl","c":{"a":0,"k":[0.301960796118,0.301960796118,0.301960796118,1],"ix":4},"o":{"a":0,"k":100,"ix":5},"r":1,"bm":0,"nm":"Fill 1","mn":"ADBE Vector Graphic - Fill","hd":false},{"ty":"tr","p":{"a":0,"k":[0,0],"ix":2},"a":{"a":0,"k":[0,0],"ix":1},"s":{"a":0,"k":[100,100],"ix":3},"r":{"a":0,"k":0,"ix":6},"o":{"a":0,"k":100,"ix":7},"sk":{"a":0,"k":0,"ix":4},"sa":{"a":0,"k":0,"ix":5},"nm":"Transform"}],"nm":"path963","np":2,"cix":2,"bm":0,"ix":1,"mn":"ADBE Vector Group","hd":false}],"ip":0,"op":601,"st":0,"bm":0},{"ddd":0,"ind":8,"ty":4,"nm":"path933","parent":7,"sr":1,"ks":{"o":{"a":0,"k":100,"ix":11},"r":{"a":1,"k":[{"i":{"x":[0.833],"y":[0.833]},"o":{"x":[0.333],"y":[0]},"t":0,"s":[0]},{"i":{"x":[0.833],"y":[0.833]},"o":{"x":[0.167],"y":[0.167]},"t":30,"s":[-4.076]},{"i":{"x":[0.833],"y":[0.833]},"o":{"x":[0.167],"y":[0.167]},"t":60,"s":[24.979]},{"i":{"x":[0.667],"y":[1]},"o":{"x":[0.167],"y":[0.167]},"t":90,"s":[74.112]},{"t":120,"s":[0]}],"ix":10},"p":{"a":0,"k":[25.006,101.792,0],"ix":2},"a":{"a":0,"k":[-9.75,-90.75,0],"ix":1},"s":{"a":0,"k":[100,100,100],"ix":6}},"ao":0,"shapes":[{"ty":"gr","it":[{"ind":0,"ty":"sh","ix":1,"ks":{"a":1,"k":[{"i":{"x":0.833,"y":0.833},"o":{"x":0.167,"y":0.167},"t":30,"s":[{"i":[[17.775,0.01],[0.001,-18.42],[0,-0.001],[-0.097,-0.987],[-0.227,-0.678],[-2.035,-14.515],[6.376,25.909],[4.601,59.752],[0.006,-0.003]],"o":[[-18.42,-0.001],[0,0.001],[0.009,0.992],[-0.09,0.543],[0.061,59.759],[4.748,23.468],[-10.848,-64.522],[-0.006,0.003],[-0.875,-17.753]],"v":[[-9.928,-124.397],[-43.282,-91.046],[-43.282,-91.043],[-43.123,-88.073],[-42.932,-86.251],[-26.574,113.413],[42.878,93.335],[23.383,-92.694],[23.365,-92.686]],"c":true}]},{"i":{"x":0.833,"y":0.833},"o":{"x":0.167,"y":0.167},"t":60,"s":[{"i":[[17.775,0.01],[0.001,-18.42],[0,-0.001],[-0.097,-0.987],[-0.227,-0.678],[-2.035,-14.515],[6.376,25.909],[4.601,59.752],[0.006,-0.003]],"o":[[-18.42,-0.001],[0,0.001],[0.009,0.992],[-0.09,0.543],[0.061,59.759],[4.748,23.468],[-10.848,-64.522],[-0.006,0.003],[-0.875,-17.753]],"v":[[-9.928,-124.397],[-43.282,-91.046],[-43.282,-91.043],[-43.123,-88.073],[-42.932,-86.251],[-28.031,27.623],[41.421,7.546],[23.383,-92.694],[23.365,-92.686]],"c":true}]},{"i":{"x":0.833,"y":0.833},"o":{"x":0.167,"y":0.167},"t":90,"s":[{"i":[[17.775,0.01],[0.001,-18.42],[0,-0.001],[-0.097,-0.987],[-0.227,-0.678],[-2.035,-14.515],[6.376,25.909],[4.601,59.752],[0.006,-0.003]],"o":[[-18.42,-0.001],[0,0.001],[0.009,0.992],[-0.09,0.543],[0.061,59.759],[4.748,23.468],[12.816,-53.151],[-0.006,0.003],[-0.875,-17.753]],"v":[[-9.928,-124.397],[-43.282,-91.046],[-43.282,-91.043],[-43.123,-88.073],[-42.932,-86.251],[-59.785,43.874],[9.667,23.797],[23.383,-92.694],[23.365,-92.686]],"c":true}]},{"i":{"x":0.667,"y":1},"o":{"x":0.167,"y":0.167},"t":105,"s":[{"i":[[17.775,0.01],[0.001,-18.42],[0,-0.001],[-0.097,-0.987],[-0.227,-0.678],[2.651,-35.936],[-11.547,46.206],[-7.774,35.539],[0.006,-0.003]],"o":[[-18.42,-0.001],[0,0.001],[0.009,0.992],[-0.09,0.543],[0.061,59.759],[-8.504,19.819],[7.587,-29.977],[-0.006,0.003],[-0.875,-17.753]],"v":[[-9.928,-124.397],[-43.282,-91.046],[-43.282,-91.043],[-43.123,-88.073],[-42.932,-86.251],[-62.45,24.711],[7.002,4.634],[29.726,-90.51],[29.707,-90.502]],"c":true}]},{"t":120,"s":[{"i":[[17.775,0.01],[0.001,-18.42],[0,-0.001],[-0.097,-0.987],[-0.227,-0.678],[-2.035,-14.515],[6.376,25.909],[4.601,59.752],[0.006,-0.003]],"o":[[-18.42,-0.001],[0,0.001],[0.009,0.992],[-0.09,0.543],[0.061,59.759],[4.748,23.468],[-10.848,-64.522],[-0.006,0.003],[-0.875,-17.753]],"v":[[-9.928,-124.397],[-43.282,-91.046],[-43.282,-91.043],[-43.123,-88.073],[-42.932,-86.251],[-26.574,113.413],[42.878,93.335],[23.383,-92.694],[23.365,-92.686]],"c":true}]}],"ix":2},"nm":"Path 1","mn":"ADBE Vector Shape - Group","hd":false},{"ty":"fl","c":{"a":0,"k":[0.301960796118,0.301960796118,0.301960796118,1],"ix":4},"o":{"a":0,"k":100,"ix":5},"r":1,"bm":0,"nm":"Fill 1","mn":"ADBE Vector Graphic - Fill","hd":false},{"ty":"tr","p":{"a":0,"k":[0,0],"ix":2},"a":{"a":0,"k":[0,0],"ix":1},"s":{"a":0,"k":[100,100],"ix":3},"r":{"a":0,"k":0,"ix":6},"o":{"a":0,"k":100,"ix":7},"sk":{"a":0,"k":0,"ix":4},"sa":{"a":0,"k":0,"ix":5},"nm":"Transform"}],"nm":"path933","np":2,"cix":2,"bm":0,"ix":1,"mn":"ADBE Vector Group","hd":false}],"ip":0,"op":601,"st":0,"bm":0},{"ddd":0,"ind":9,"ty":4,"nm":"foot_1","parent":8,"sr":1,"ks":{"o":{"a":0,"k":100,"ix":11},"r":{"a":1,"k":[{"i":{"x":[0.833],"y":[0.833]},"o":{"x":[0.333],"y":[0]},"t":0,"s":[0]},{"i":{"x":[0.833],"y":[0.833]},"o":{"x":[0.167],"y":[0.167]},"t":30,"s":[-3.502]},{"i":{"x":[0.667],"y":[1]},"o":{"x":[0.167],"y":[0.167]},"t":60,"s":[-19.289]},{"t":120,"s":[0]}],"ix":10},"p":{"a":1,"k":[{"i":{"x":0.833,"y":0.833},"o":{"x":0.167,"y":0.167},"t":30,"s":[16.94,105.657,0],"to":[0,0,0],"ti":[0,0,0]},{"i":{"x":0.833,"y":0.833},"o":{"x":0.167,"y":0.167},"t":60,"s":[0.021,17.437,0],"to":[0,0,0],"ti":[0,0,0]},{"i":{"x":0.833,"y":0.833},"o":{"x":0.167,"y":0.167},"t":90,"s":[-42.117,40.55,0],"to":[0,0,0],"ti":[0,0,0]},{"i":{"x":0.667,"y":1},"o":{"x":0.167,"y":0.167},"t":105,"s":[-39.684,24.045,0],"to":[0,0,0],"ti":[0,0,0]},{"t":120,"s":[16.94,105.657,0]}],"ix":2},"a":{"a":0,"k":[-28.5,-24.5,0],"ix":1},"s":{"a":0,"k":[100,100,100],"ix":6}},"ao":0,"shapes":[{"ty":"gr","it":[{"ind":0,"ty":"sh","ix":1,"ks":{"a":0,"k":{"i":[[-2.713,-4.883],[-1.899,-2.577],[0.678,-2.035],[0,0],[3.934,1.763],[-0.407,7.461],[0,0]],"o":[[14.108,19.805],[1.763,2.577],[-19.398,17.499],[0,0],[-3.934,-1.492],[0.543,-7.325],[0,0]],"v":[[-2.833,-29.36],[47.629,8.893],[47.629,19.881],[0.016,28.834],[-42.172,10.385],[-48.547,-9.013],[-40.815,-26.104]],"c":true},"ix":2},"nm":"Path 1","mn":"ADBE Vector Shape - Group","hd":false},{"ty":"fl","c":{"a":0,"k":[0.658823549747,0.658823549747,0.658823549747,1],"ix":4},"o":{"a":0,"k":100,"ix":5},"r":1,"bm":0,"nm":"Fill 1","mn":"ADBE Vector Graphic - Fill","hd":false},{"ty":"tr","p":{"a":0,"k":[0,0],"ix":2},"a":{"a":0,"k":[0,0],"ix":1},"s":{"a":0,"k":[100,100],"ix":3},"r":{"a":0,"k":0,"ix":6},"o":{"a":0,"k":100,"ix":7},"sk":{"a":0,"k":0,"ix":4},"sa":{"a":0,"k":0,"ix":5},"nm":"Transform"}],"nm":"path12","np":2,"cix":2,"bm":0,"ix":1,"mn":"ADBE Vector Group","hd":false}],"ip":0,"op":601,"st":0,"bm":0},{"ddd":0,"ind":10,"ty":4,"nm":"path20","parent":5,"sr":1,"ks":{"o":{"a":0,"k":100,"ix":11},"r":{"a":1,"k":[{"i":{"x":[0.833],"y":[0.833]},"o":{"x":[0.333],"y":[0]},"t":0,"s":[0]},{"i":{"x":[0.667],"y":[1]},"o":{"x":[0.167],"y":[0.167]},"t":60,"s":[21.413]},{"t":120,"s":[0]}],"ix":10},"p":{"a":0,"k":[473.012,219.732,0],"ix":2},"a":{"a":0,"k":[-7.75,-66.25,0],"ix":1},"s":{"a":0,"k":[100,100,100],"ix":6}},"ao":0,"shapes":[{"ty":"gr","it":[{"ind":0,"ty":"sh","ix":1,"ks":{"a":0,"k":{"i":[[10.407,-0.427],[5.117,-9.749],[-1.718,-22.636],[-7.735,-23.649],[-0.804,-1.927],[-13.505,-0.008],[-0.001,16.443],[0,0],[0.03,0.504],[0,0],[5.558,40.04]],"o":[[-10.407,0.427],[-9.72,18.518],[1.718,22.636],[0.572,1.75],[3.452,13.056],[16.443,0.001],[0,0],[-0.005,-0.505],[0,0],[-0.739,-7.447],[-5.155,-37.575]],"v":[[-5.902,-88.475],[-27.728,-75.991],[-35.366,-12.291],[-24.437,60.767],[-22.318,66.326],[6.447,88.488],[36.221,58.718],[36.221,58.717],[36.168,57.204],[36.314,57.172],[24.892,-41.675]],"c":true},"ix":2},"nm":"Path 1","mn":"ADBE Vector Shape - Group","hd":false},{"ty":"fl","c":{"a":0,"k":[0.301960796118,0.301960796118,0.301960796118,1],"ix":4},"o":{"a":0,"k":100,"ix":5},"r":1,"bm":0,"nm":"Fill 1","mn":"ADBE Vector Graphic - Fill","hd":false},{"ty":"tr","p":{"a":0,"k":[0,0],"ix":2},"a":{"a":0,"k":[0,0],"ix":1},"s":{"a":0,"k":[100,100],"ix":3},"r":{"a":0,"k":0,"ix":6},"o":{"a":0,"k":100,"ix":7},"sk":{"a":0,"k":0,"ix":4},"sa":{"a":0,"k":0,"ix":5},"nm":"Transform"}],"nm":"path20","np":2,"cix":2,"bm":0,"ix":1,"mn":"ADBE Vector Group","hd":false}],"ip":0,"op":601,"st":0,"bm":0},{"ddd":0,"ind":11,"ty":4,"nm":"path10","sr":1,"ks":{"o":{"a":0,"k":100,"ix":11},"r":{"a":1,"k":[{"i":{"x":[0.833],"y":[0.833]},"o":{"x":[0.333],"y":[0]},"t":0,"s":[0]},{"i":{"x":[0.833],"y":[0.833]},"o":{"x":[0.167],"y":[0.167]},"t":30,"s":[-14.376]},{"i":{"x":[0.833],"y":[0.833]},"o":{"x":[0.167],"y":[0.167]},"t":60,"s":[-31.41]},{"i":{"x":[0.667],"y":[1]},"o":{"x":[0.167],"y":[0.167]},"t":90,"s":[-18.151]},{"t":120,"s":[0]}],"ix":10},"p":{"a":0,"k":[456.322,462.743,0],"ix":2},"a":{"a":0,"k":[27.5,-81.5,0],"ix":1},"s":{"a":0,"k":[100,100,100],"ix":6}},"ao":0,"shapes":[{"ty":"gr","it":[{"ind":0,"ty":"sh","ix":1,"ks":{"a":1,"k":[{"i":{"x":0.667,"y":1},"o":{"x":0.333,"y":0},"t":0,"s":[{"i":[[0,0],[5.294,-19.123],[0,0],[9.61,-14.381],[0,0],[0.011,-7.714],[-17.449,0],[0,0],[-5.994,6.904],[0,0],[-0.564,0.901],[-0.613,1.137],[0,0],[-13.427,47.567],[20.498,0.945],[0.998,-0.02]],"o":[[-14.966,0.3],[0,0],[0,0],[0,0],[-5.121,5.77],[0,17.449],[0,0],[9.143,-0.008],[0,0],[0.552,-0.858],[0.747,-1.053],[11.246,-18.473],[22.494,-44.6],[5.328,-18.73],[-0.996,-0.046],[0,0]],"v":[[25.809,-110.955],[-9.25,-83.69],[-23.483,-32.283],[-56.548,58.423],[-56.527,58.442],[-64.491,79.369],[-32.897,110.964],[-32.897,110.964],[-9.068,100.083],[-8.803,100.316],[-7.104,97.579],[-5.062,94.291],[18.569,51.685],[63.606,-76.578],[28.803,-110.915],[25.809,-110.955]],"c":true}]},{"t":120,"s":[{"i":[[0,0],[5.294,-19.123],[0,0],[9.61,-14.381],[0,0],[0.011,-7.714],[-17.449,0],[0,0],[-5.994,6.904],[0,0],[-0.564,0.901],[-0.613,1.137],[0,0],[-13.427,47.567],[20.498,0.945],[0.998,-0.02]],"o":[[-14.966,0.3],[0,0],[0,0],[0,0],[-5.121,5.77],[0,17.449],[0,0],[9.143,-0.008],[0,0],[0.552,-0.858],[0.747,-1.053],[11.246,-18.473],[22.494,-44.6],[5.328,-18.73],[-0.996,-0.046],[0,0]],"v":[[25.809,-110.955],[-9.25,-83.69],[-23.483,-32.283],[-56.548,58.423],[-56.527,58.442],[-64.491,79.369],[-32.897,110.964],[-32.897,110.964],[-9.068,100.083],[-8.803,100.316],[-7.104,97.579],[-5.062,94.291],[18.569,51.685],[63.606,-76.578],[28.803,-110.915],[25.809,-110.955]],"c":true}]}],"ix":2},"nm":"Path 1","mn":"ADBE Vector Shape - Group","hd":false},{"ty":"fl","c":{"a":0,"k":[0.266666666667,0.26562093099,0.26562093099,1],"ix":4},"o":{"a":0,"k":100,"ix":5},"r":1,"bm":0,"nm":"Fill 1","mn":"ADBE Vector Graphic - Fill","hd":false},{"ty":"tr","p":{"a":0,"k":[0,0],"ix":2},"a":{"a":0,"k":[0,0],"ix":1},"s":{"a":0,"k":[100,100],"ix":3},"r":{"a":0,"k":0,"ix":6},"o":{"a":0,"k":100,"ix":7},"sk":{"a":0,"k":0,"ix":4},"sa":{"a":0,"k":0,"ix":5},"nm":"Transform"}],"nm":"path10","np":2,"cix":2,"bm":0,"ix":1,"mn":"ADBE Vector Group","hd":false}],"ip":0,"op":601,"st":0,"bm":0},{"ddd":0,"ind":12,"ty":4,"nm":"path948","parent":11,"sr":1,"ks":{"o":{"a":0,"k":100,"ix":11},"r":{"a":1,"k":[{"i":{"x":[0.667],"y":[1]},"o":{"x":[0.333],"y":[0]},"t":0,"s":[0]},{"i":{"x":[0.833],"y":[0.833]},"o":{"x":[0.333],"y":[0]},"t":30,"s":[73.48]},{"i":{"x":[0.667],"y":[1]},"o":{"x":[0.167],"y":[0.167]},"t":60,"s":[-5.72]},{"t":120,"s":[0]}],"ix":10},"p":{"a":0,"k":[-32.578,79.686,0],"ix":2},"a":{"a":0,"k":[26.75,-47.25,0],"ix":1},"s":{"a":0,"k":[100,100,100],"ix":6}},"ao":0,"shapes":[{"ty":"gr","it":[{"ind":0,"ty":"sh","ix":1,"ks":{"a":1,"k":[{"i":{"x":0.833,"y":0.833},"o":{"x":0.167,"y":0.167},"t":30,"s":[{"i":[[0,0],[5.988,-6.772],[0,0],[0.052,-0.076],[0.419,-0.561],[0.149,-0.087],[0,0],[-56.024,13.565],[-35.54,44.9],[-3.709,5.765],[0,0],[-0.008,7.615],[17.449,0],[0,0]],"o":[[-9.04,0.011],[0,0],[-0.053,0.079],[-0.455,0.532],[-0.164,0.155],[-41.916,35.676],[0,0],[4.476,-11.802],[2.525,-2.397],[0,0],[5,-5.743],[0,-17.449],[0,0],[0,0]],"v":[[26.432,-79.161],[2.802,-68.494],[2.781,-68.513],[2.63,-68.309],[1.318,-66.669],[0.846,-66.298],[-58.026,40.731],[-0.102,76.813],[40.863,-13.665],[50.526,-26.62],[50.261,-26.853],[58.026,-47.567],[26.432,-79.161],[26.432,-79.161]],"c":true}]},{"i":{"x":0.833,"y":0.833},"o":{"x":0.167,"y":0.167},"t":45,"s":[{"i":[[0,0],[5.988,-6.772],[0,0],[0.052,-0.076],[0.419,-0.561],[0.149,-0.087],[0,0],[-56.024,13.565],[-35.54,44.9],[-3.709,5.765],[0,0],[-0.008,7.615],[17.449,0],[0,0]],"o":[[-9.04,0.011],[0,0],[-0.053,0.079],[-0.455,0.532],[-0.164,0.155],[-41.916,35.676],[0,0],[4.476,-11.802],[2.525,-2.397],[0,0],[5,-5.743],[0,-17.449],[0,0],[0,0]],"v":[[26.432,-79.161],[2.802,-68.494],[2.781,-68.513],[2.63,-68.309],[1.318,-66.669],[0.846,-66.298],[-64.857,43.396],[-6.933,79.479],[40.863,-13.665],[50.526,-26.62],[50.261,-26.853],[58.026,-47.567],[26.432,-79.161],[26.432,-79.161]],"c":true}]},{"i":{"x":0.833,"y":0.833},"o":{"x":0.167,"y":0.167},"t":60,"s":[{"i":[[0,0],[5.988,-6.772],[0,0],[0.052,-0.076],[0.419,-0.561],[0.149,-0.087],[0,0],[-56.024,13.565],[-35.54,44.9],[-3.709,5.765],[0,0],[-0.008,7.615],[17.449,0],[0,0]],"o":[[-9.04,0.011],[0,0],[-0.053,0.079],[-0.455,0.532],[-0.164,0.155],[-41.916,35.676],[0,0],[4.476,-11.802],[2.525,-2.397],[0,0],[5,-5.743],[0,-17.449],[0,0],[0,0]],"v":[[26.432,-79.161],[2.802,-68.494],[2.781,-68.513],[2.63,-68.309],[1.318,-66.669],[0.846,-66.298],[-99.254,134.945],[-41.33,171.027],[40.863,-13.665],[50.526,-26.62],[50.261,-26.853],[58.026,-47.567],[26.432,-79.161],[26.432,-79.161]],"c":true}]},{"i":{"x":0.667,"y":1},"o":{"x":0.167,"y":0.167},"t":90,"s":[{"i":[[0,0],[5.988,-6.772],[0,0],[0.052,-0.076],[0.419,-0.561],[0.149,-0.087],[0,0],[-56.024,13.565],[-24.785,56.148],[-3.709,5.765],[0,0],[-0.008,7.615],[17.449,0],[0,0]],"o":[[-9.04,0.011],[0,0],[-0.053,0.079],[-0.455,0.532],[-0.164,0.155],[-41.916,35.676],[0,0],[4.476,-11.802],[2.525,-2.397],[0,0],[5,-5.743],[0,-17.449],[0,0],[0,0]],"v":[[26.432,-79.161],[2.802,-68.494],[2.781,-68.513],[2.63,-68.309],[1.318,-66.669],[0.846,-66.298],[-68.184,72.146],[-10.259,108.229],[40.863,-13.665],[50.526,-26.62],[50.261,-26.853],[58.026,-47.567],[26.432,-79.161],[26.432,-79.161]],"c":true}]},{"t":120,"s":[{"i":[[0,0],[5.988,-6.772],[0,0],[0.052,-0.076],[0.419,-0.561],[0.149,-0.087],[0,0],[-56.024,13.565],[-35.54,44.9],[-3.709,5.765],[0,0],[-0.008,7.615],[17.449,0],[0,0]],"o":[[-9.04,0.011],[0,0],[-0.053,0.079],[-0.455,0.532],[-0.164,0.155],[-41.916,35.676],[0,0],[4.476,-11.802],[2.525,-2.397],[0,0],[5,-5.743],[0,-17.449],[0,0],[0,0]],"v":[[26.432,-79.161],[2.802,-68.494],[2.781,-68.513],[2.63,-68.309],[1.318,-66.669],[0.846,-66.298],[-58.026,40.731],[-0.102,76.813],[40.863,-13.665],[50.526,-26.62],[50.261,-26.853],[58.026,-47.567],[26.432,-79.161],[26.432,-79.161]],"c":true}]}],"ix":2},"nm":"Path 1","mn":"ADBE Vector Shape - Group","hd":false},{"ty":"fl","c":{"a":0,"k":[0.266666666667,0.26562093099,0.26562093099,1],"ix":4},"o":{"a":0,"k":100,"ix":5},"r":1,"bm":0,"nm":"Fill 1","mn":"ADBE Vector Graphic - Fill","hd":false},{"ty":"tr","p":{"a":0,"k":[0,0],"ix":2},"a":{"a":0,"k":[0,0],"ix":1},"s":{"a":0,"k":[100,100],"ix":3},"r":{"a":0,"k":0,"ix":6},"o":{"a":0,"k":100,"ix":7},"sk":{"a":0,"k":0,"ix":4},"sa":{"a":0,"k":0,"ix":5},"nm":"Transform"}],"nm":"path948","np":2,"cix":2,"bm":0,"ix":1,"mn":"ADBE Vector Group","hd":false}],"ip":0,"op":601,"st":0,"bm":0},{"ddd":0,"ind":13,"ty":4,"nm":"foot_2","parent":12,"sr":1,"ks":{"o":{"a":0,"k":100,"ix":11},"r":{"a":1,"k":[{"i":{"x":[0.833],"y":[0.833]},"o":{"x":[0.333],"y":[0]},"t":0,"s":[0]},{"i":{"x":[0.667],"y":[1]},"o":{"x":[0.167],"y":[0.167]},"t":60,"s":[25.78]},{"t":120,"s":[0]}],"ix":10},"p":{"a":1,"k":[{"i":{"x":0.833,"y":0.833},"o":{"x":0.333,"y":0.333},"t":0,"s":[-27.964,53.822,0],"to":[0,0,0],"ti":[0,0,0]},{"i":{"x":0.833,"y":0.833},"o":{"x":0.167,"y":0.167},"t":30,"s":[-27.964,53.822,0],"to":[0,0,0],"ti":[0,0,0]},{"i":{"x":0.833,"y":0.833},"o":{"x":0.167,"y":0.167},"t":45,"s":[-37.458,57.141,0],"to":[0,0,0],"ti":[0,0,0]},{"i":{"x":0.833,"y":0.833},"o":{"x":0.167,"y":0.167},"t":60,"s":[-60.832,156.874,0],"to":[0,0,0],"ti":[0,0,0]},{"i":{"x":0.667,"y":1},"o":{"x":0.167,"y":0.167},"t":90,"s":[-29.867,91.842,0],"to":[0,0,0],"ti":[0,0,0]},{"t":120,"s":[-27.964,53.822,0]}],"ix":2},"a":{"a":0,"k":[-9.5,-40,0],"ix":1},"s":{"a":0,"k":[100,100,100],"ix":6}},"ao":0,"shapes":[{"ty":"gr","it":[{"ind":0,"ty":"sh","ix":1,"ks":{"a":0,"k":{"i":[[-3.391,-5.155],[-4.476,-14.108],[6.511,-2.849],[8.275,6.376],[0,0],[7.054,20.348],[0,0],[0,0]],"o":[[11.802,11.123],[4.476,14.243],[-12.616,3.256],[-8.275,-6.376],[0,0],[-3.527,-10.174],[0,0],[-0.136,0.271]],"v":[[17.006,-16.466],[52.139,17.04],[46.442,47.29],[11.715,34.403],[-16.093,5.509],[-53.668,-23.248],[-38.611,-47.937],[-13.652,-47.937]],"c":true},"ix":2},"nm":"Path 1","mn":"ADBE Vector Shape - Group","hd":false},{"ty":"fl","c":{"a":0,"k":[0.658823549747,0.658823549747,0.658823549747,1],"ix":4},"o":{"a":0,"k":100,"ix":5},"r":1,"bm":0,"nm":"Fill 1","mn":"ADBE Vector Graphic - Fill","hd":false},{"ty":"tr","p":{"a":0,"k":[0,0],"ix":2},"a":{"a":0,"k":[0,0],"ix":1},"s":{"a":0,"k":[100,100],"ix":3},"r":{"a":0,"k":0,"ix":6},"o":{"a":0,"k":100,"ix":7},"sk":{"a":0,"k":0,"ix":4},"sa":{"a":0,"k":0,"ix":5},"nm":"Transform"}],"nm":"path8","np":2,"cix":2,"bm":0,"ix":1,"mn":"ADBE Vector Group","hd":false}],"ip":0,"op":601,"st":0,"bm":0},{"ddd":0,"ind":14,"ty":4,"nm":"g917","parent":10,"sr":1,"ks":{"o":{"a":0,"k":100,"ix":11},"r":{"a":1,"k":[{"i":{"x":[0.833],"y":[0.833]},"o":{"x":[0.167],"y":[0.167]},"t":0,"s":[-16.912]},{"i":{"x":[0.833],"y":[0.833]},"o":{"x":[0.167],"y":[0.167]},"t":60,"s":[20.66]},{"t":120,"s":[-16.912]}],"ix":10},"p":{"a":0,"k":[6.221,58.785,0],"ix":2},"a":{"a":0,"k":[612.983,319.766,0],"ix":1},"s":{"a":0,"k":[94.931,97.039,100],"ix":6}},"ao":0,"shapes":[{"ty":"gr","it":[{"ty":"gr","it":[{"ind":0,"ty":"sh","ix":1,"ks":{"a":0,"k":{"i":[[0,0],[12.501,-10.138],[0,0],[8.238,10.874],[-0.351,-0.088],[0,0],[-35.617,3.878]],"o":[[0,0],[9.985,7.598],[0,0],[-12.729,4.532],[0,0],[0,0],[0,0]],"v":[[21.876,-31.857],[-6.68,-24.098],[4.018,-1.67],[-17.257,-17.046],[-34.614,1.627],[-1.92,32.1],[34.631,-1.531]],"c":true},"ix":2},"nm":"Path 1","mn":"ADBE Vector Shape - Group","hd":false},{"ty":"fl","c":{"a":0,"k":[0.411764711142,0.713725507259,0.156862750649,1],"ix":4},"o":{"a":0,"k":100,"ix":5},"r":1,"bm":0,"nm":"Fill 1","mn":"ADBE Vector Graphic - Fill","hd":false},{"ty":"tr","p":{"a":0,"k":[633.411,365.59],"ix":2},"a":{"a":0,"k":[0,0],"ix":1},"s":{"a":0,"k":[100,100],"ix":3},"r":{"a":0,"k":0,"ix":6},"o":{"a":0,"k":100,"ix":7},"sk":{"a":0,"k":0,"ix":4},"sa":{"a":0,"k":0,"ix":5},"nm":"Transform"}],"nm":"path22","np":2,"cix":2,"bm":0,"ix":1,"mn":"ADBE Vector Group","hd":false},{"ty":"gr","it":[{"ind":0,"ty":"sh","ix":1,"ks":{"a":0,"k":{"i":[[0,0],[0,0],[-4.536,-14.028],[5.119,3.896],[0,0],[0,0],[7.59,-0.413],[5.266,5.517],[7.376,9.276],[0,0],[0,0],[0,0]],"o":[[0,0],[0,0],[4.659,13.88],[-5.131,-4.031],[0,0],[0,0],[-7.602,0.278],[-13.782,-16.87],[-7.253,-9.424],[0,0],[0,0],[0,0]],"v":[[-20.5,-83.355],[23.492,4.063],[54.933,46.033],[37.865,84.758],[35.301,56.387],[23.051,45.917],[15.314,67.319],[2.777,19.01],[-34.73,-23.775],[-55.748,-47.269],[-48.149,-75.818],[-32.645,-85.118]],"c":true},"ix":2},"nm":"Path 1","mn":"ADBE Vector Shape - Group","hd":false},{"ty":"fl","c":{"a":0,"k":[0.964705884457,0.772549033165,0.666666686535,1],"ix":4},"o":{"a":0,"k":100,"ix":5},"r":1,"bm":0,"nm":"Fill 1","mn":"ADBE Vector Graphic - Fill","hd":false},{"ty":"tr","p":{"a":0,"k":[685.282,442.488],"ix":2},"a":{"a":0,"k":[0,0],"ix":1},"s":{"a":0,"k":[100,100],"ix":3},"r":{"a":0,"k":0,"ix":6},"o":{"a":0,"k":100,"ix":7},"sk":{"a":0,"k":0,"ix":4},"sa":{"a":0,"k":0,"ix":5},"nm":"Transform"}],"nm":"path4","np":2,"cix":2,"bm":0,"ix":2,"mn":"ADBE Vector Group","hd":false},{"ty":"tr","p":{"a":0,"k":[685.282,442.488],"ix":2},"a":{"a":0,"k":[685.282,442.488],"ix":1},"s":{"a":0,"k":[100,100],"ix":3},"r":{"a":0,"k":0,"ix":6},"o":{"a":0,"k":100,"ix":7},"sk":{"a":0,"k":0,"ix":4},"sa":{"a":0,"k":0,"ix":5},"nm":"Transform"}],"nm":"g902","np":2,"cix":2,"bm":0,"ix":1,"mn":"ADBE Vector Group","hd":false},{"ty":"gr","it":[{"ind":0,"ty":"sh","ix":1,"ks":{"a":0,"k":{"i":[[0,0],[-1.479,-16.376],[-3.842,-4.624],[0,0],[-25.441,12.378],[0,0],[0.104,0.544],[0,0],[15.786,-1.419]],"o":[[-16.376,1.48],[0.552,5.987],[13.547,21.876],[0,0],[-13.874,-7.327],[0,0],[0,0],[-2.227,-15.692],[0,0]],"v":[[-11.761,-47.898],[-38.733,-15.568],[-31.986,0.722],[3.574,48.019],[38.855,10.374],[21.48,-17.614],[20.525,-22.473],[20.383,-22.428],[-11.761,-47.898]],"c":true},"ix":2},"nm":"Path 1","mn":"ADBE Vector Shape - Group","hd":false},{"ty":"fl","c":{"a":0,"k":[0.301960796118,0.301960796118,0.301960796118,1],"ix":4},"o":{"a":0,"k":100,"ix":5},"r":1,"bm":0,"nm":"Fill 1","mn":"ADBE Vector Graphic - Fill","hd":false},{"ty":"tr","p":{"a":0,"k":[622.291,337.946],"ix":2},"a":{"a":0,"k":[0,0],"ix":1},"s":{"a":0,"k":[100,100],"ix":3},"r":{"a":0,"k":0,"ix":6},"o":{"a":0,"k":100,"ix":7},"sk":{"a":0,"k":0,"ix":4},"sa":{"a":0,"k":0,"ix":5},"nm":"Transform"}],"nm":"path898","np":2,"cix":2,"bm":0,"ix":2,"mn":"ADBE Vector Group","hd":false}],"ip":0,"op":601,"st":0,"bm":0}]}],"layers":[{"ddd":0,"ind":1,"ty":0,"nm":"Comp 1","refId":"comp_0","sr":0.7,"ks":{"o":{"a":0,"k":100,"ix":11},"r":{"a":0,"k":0,"ix":10},"p":{"a":0,"k":[400,500,0],"ix":2},"a":{"a":0,"k":[400,500,0],"ix":1},"s":{"a":0,"k":[100,100,100],"ix":6}},"ao":0,"w":800,"h":1000,"ip":0,"op":84.7,"st":0,"bm":0}],"markers":[]}