{"v":"5.7.3","fr":24,"ip":0,"op":24,"w":1080,"h":1080,"nm":"Comp 1","ddd":0,"assets":[],"layers":[{"ddd":0,"ind":1,"ty":4,"nm":"hands","parent":4,"sr":1,"ks":{"o":{"a":0,"k":100,"ix":11},"r":{"a":1,"k":[{"i":{"x":[0.833],"y":[0.833]},"o":{"x":[0.167],"y":[0.167]},"t":1,"s":[-3.767]},{"i":{"x":[0.833],"y":[0.833]},"o":{"x":[0.167],"y":[0.167]},"t":7,"s":[-11.767]},{"i":{"x":[0.833],"y":[0.833]},"o":{"x":[0.167],"y":[0.167]},"t":13,"s":[-3.767]},{"i":{"x":[0.833],"y":[0.833]},"o":{"x":[0.167],"y":[0.167]},"t":19,"s":[-11.767]},{"t":25,"s":[-3.767]}],"ix":10},"p":{"a":0,"k":[107,79.5,0],"ix":2},"a":{"a":0,"k":[72.759,56.484,0],"ix":1},"s":{"a":0,"k":[100,100,100],"ix":6}},"ao":0,"shapes":[{"ty":"gr","it":[{"ind":0,"ty":"sh","ix":1,"ks":{"a":0,"k":{"i":[[0,0],[0,37.238],[0,0],[-19.833,-75.691],[-33.192,10.118],[-26.983,24.12],[5.403,7.864]],"o":[[-25.906,-8.904],[0,-37.238],[-23.881,2.023],[19.834,75.691],[21.268,-6.485],[-4.4,-8.859],[-31.417,11.343]],"v":[[7.008,55.654],[-11.2,-86.012],[-57.757,-119.202],[-97.423,11.131],[27.649,113.132],[117.255,47.805],[102.672,22.581]],"c":true},"ix":2},"nm":"Path 1","mn":"ADBE Vector Shape - Group","hd":false},{"ty":"fl","c":{"a":0,"k":[1,0.6941,0,1],"ix":4},"o":{"a":0,"k":100,"ix":5},"r":1,"bm":0,"nm":"Fill 1","mn":"ADBE Vector Graphic - Fill","hd":false},{"ty":"tr","p":{"a":0,"k":[117.506,123.5],"ix":2},"a":{"a":0,"k":[0,0],"ix":1},"s":{"a":0,"k":[100,100],"ix":3},"r":{"a":0,"k":0,"ix":6},"o":{"a":0,"k":100,"ix":7},"sk":{"a":0,"k":0,"ix":4},"sa":{"a":0,"k":0,"ix":5},"nm":"Transform"}],"nm":"Group 1","np":2,"cix":2,"bm":0,"ix":1,"mn":"ADBE Vector Group","hd":false},{"ty":"gr","it":[{"ind":0,"ty":"sh","ix":1,"ks":{"a":0,"k":{"i":[[-23.881,2.023],[0,-37.238],[-25.907,-8.904],[-2.429,2.429],[-6.676,6.678],[-3.846,-3.847],[0,0],[-4.856,4.857],[-2.361,-2.362],[0,0],[-0.541,-3.509],[0,0],[0,-4.724],[0,0],[33.19,-10.12],[19.834,75.691]],"o":[[0,0],[0,37.239],[0,0],[2.428,-2.427],[6.68,-6.679],[3.846,3.844],[0,0],[0,0],[2.361,2.36],[0,0],[0.539,3.508],[0,0],[0,4.721],[0,0],[-33.191,10.118],[-19.833,-75.69]],"v":[[-94.31,-119.202],[-47.753,-86.012],[-29.546,55.654],[82.976,15.988],[108.88,-24.487],[122.238,-39.868],[119.405,-21.654],[145.31,-37.845],[149.087,-35.955],[148.547,-27.86],[153.271,-22.329],[148.954,-13.559],[149.627,-6.812],[106.454,24.084],[-8.905,113.132],[-133.977,11.131]],"c":true},"ix":2},"nm":"Path 1","mn":"ADBE Vector Shape - Group","hd":false},{"ty":"fl","c":{"a":0,"k":[0.9888,0.8275,0.4512,1],"ix":4},"o":{"a":0,"k":100,"ix":5},"r":1,"bm":0,"nm":"Fill 1","mn":"ADBE Vector Graphic - Fill","hd":false},{"ty":"tr","p":{"a":0,"k":[154.06,123.5],"ix":2},"a":{"a":0,"k":[0,0],"ix":1},"s":{"a":0,"k":[100,100],"ix":3},"r":{"a":0,"k":0,"ix":6},"o":{"a":0,"k":100,"ix":7},"sk":{"a":0,"k":0,"ix":4},"sa":{"a":0,"k":0,"ix":5},"nm":"Transform"}],"nm":"Group 2","np":2,"cix":2,"bm":0,"ix":2,"mn":"ADBE Vector Group","hd":false},{"ty":"gr","it":[{"ind":0,"ty":"sh","ix":1,"ks":{"a":0,"k":{"i":[[-5.513,-5.514],[0,-26.851],[-10.928,-2.428],[-14.412,11.096],[0,0],[45.335,8.905],[-4.049,36.024]],"o":[[0,0],[0,27.798],[10.929,2.429],[0,0],[0,0],[-45.332,-8.905],[4.047,-36.024]],"v":[[-37.457,-97.275],[-22.516,-62.089],[-18.012,44.097],[82.529,18.763],[90.465,33.168],[-32.584,93.883],[-86.416,-33.617]],"c":true},"ix":2},"nm":"Path 1","mn":"ADBE Vector Shape - Group","hd":false},{"ty":"fl","c":{"a":0,"k":[0.652,0.5008,0.148,1],"ix":4},"o":{"a":0,"k":100,"ix":5},"r":1,"bm":0,"nm":"Fill 1","mn":"ADBE Vector Graphic - Fill","hd":false},{"ty":"tr","p":{"a":0,"k":[160.738,110.772],"ix":2},"a":{"a":0,"k":[0,0],"ix":1},"s":{"a":0,"k":[100,100],"ix":3},"r":{"a":0,"k":0,"ix":6},"o":{"a":0,"k":100,"ix":7},"sk":{"a":0,"k":0,"ix":4},"sa":{"a":0,"k":0,"ix":5},"nm":"Transform"}],"nm":"Group 3","np":2,"cix":2,"bm":0,"ix":3,"mn":"ADBE Vector Group","hd":false}],"ip":0,"op":26,"st":1,"bm":0},{"ddd":0,"ind":2,"ty":4,"nm":"hair","parent":5,"sr":1,"ks":{"o":{"a":0,"k":100,"ix":11},"r":{"a":0,"k":0,"ix":10},"p":{"a":0,"k":[41,34,0],"ix":2},"a":{"a":0,"k":[63.5,59.5,0],"ix":1},"s":{"a":0,"k":[100,100,100],"ix":6}},"ao":0,"shapes":[{"ty":"gr","it":[{"ind":0,"ty":"sh","ix":1,"ks":{"a":0,"k":{"i":[[0,0],[2.73,0],[0,-2.764],[-2.764,0],[-0.4,0.101],[0,0],[0,0],[0,0]],"o":[[-0.059,-2.716],[-2.764,0],[0,2.766],[0.432,0],[0,0],[0,0],[0,0],[0,0]],"v":[[5.005,-5.292],[0,-10.189],[-5.008,-5.183],[0,-0.175],[1.249,-0.33],[1.249,10.189],[5.008,10.189],[5.008,-5.292]],"c":true},"ix":2},"nm":"Path 1","mn":"ADBE Vector Shape - Group","hd":false},{"ty":"fl","c":{"a":0,"k":[1,1,1,1],"ix":4},"o":{"a":0,"k":100,"ix":5},"r":1,"bm":0,"nm":"Fill 1","mn":"ADBE Vector Graphic - Fill","hd":false},{"ty":"tr","p":{"a":0,"k":[42.495,92.404],"ix":2},"a":{"a":0,"k":[0,0],"ix":1},"s":{"a":0,"k":[100,100],"ix":3},"r":{"a":0,"k":0,"ix":6},"o":{"a":0,"k":100,"ix":7},"sk":{"a":0,"k":0,"ix":4},"sa":{"a":0,"k":0,"ix":5},"nm":"Transform"}],"nm":"Group 1","np":2,"cix":2,"bm":0,"ix":1,"mn":"ADBE Vector Group","hd":false},{"ty":"gr","it":[{"ind":0,"ty":"sh","ix":1,"ks":{"a":1,"k":[{"i":{"x":0.833,"y":0.833},"o":{"x":0.167,"y":0.167},"t":1,"s":[{"i":[[0,0],[-15.381,0],[6.633,23.159],[0,0],[31.572,8.094],[0,0],[0,0],[0,0],[14.166,-7.286],[0,0],[5.262,-17.809],[0,-13.761],[0,0],[0,0],[-6.071,13.762],[0,0]],"o":[[0,0],[15.381,0],[-1.831,-6.399],[0,0],[0,0],[0,0],[0,0],[0,0],[-14.167,7.285],[0,0],[-5.26,17.809],[0,13.762],[0,0],[0,0],[6.071,-13.761],[0,0]],"v":[[-7.364,-13.987],[37.16,11.918],[73.587,-30.186],[62.66,-54.463],[22.588,-33.011],[37.16,-54.463],[24.207,-64.177],[-2.102,-47.176],[-28.007,-50.415],[-39.059,-26.129],[-74.96,-10.749],[-74.96,39.036],[-52.199,64.177],[-39.059,52.018],[-36.913,22.036],[-25.173,19.203]],"c":true}]},{"i":{"x":0.833,"y":0.833},"o":{"x":0.167,"y":0.167},"t":7,"s":[{"i":[[0,0],[-15.381,0],[6.633,23.159],[0,0],[31.572,8.094],[0,0],[0,0],[0,0],[14.166,-7.286],[0,0],[5.262,-17.809],[0,-13.761],[0,0],[0,0],[-6.071,13.762],[0,0]],"o":[[0,0],[15.381,0],[-1.831,-6.399],[0,0],[0,0],[0,0],[0,0],[0,0],[-14.167,7.285],[0,0],[-5.26,17.809],[0,13.762],[0,0],[0,0],[6.071,-13.761],[0,0]],"v":[[-7.864,-13.96],[36.66,11.944],[72.981,-22.644],[64.312,-42.033],[22.088,-32.984],[30.982,-48.132],[19.37,-60.92],[-5.965,-44.471],[-30.372,-47.788],[-39.558,-26.103],[-74.304,-7.779],[-75.46,39.063],[-52.698,64.204],[-39.558,52.045],[-37.412,22.063],[-25.673,19.23]],"c":true}]},{"i":{"x":0.833,"y":0.833},"o":{"x":0.167,"y":0.167},"t":13,"s":[{"i":[[0,0],[-15.381,0],[6.633,23.159],[0,0],[31.572,8.094],[0,0],[0,0],[0,0],[14.166,-7.286],[0,0],[5.262,-17.809],[0,-13.761],[0,0],[0,0],[-6.071,13.762],[0,0]],"o":[[0,0],[15.381,0],[-1.831,-6.399],[0,0],[0,0],[0,0],[0,0],[0,0],[-14.167,7.285],[0,0],[-5.26,17.809],[0,13.762],[0,0],[0,0],[6.071,-13.761],[0,0]],"v":[[-7.364,-13.987],[37.16,11.918],[73.587,-30.186],[62.66,-54.463],[22.588,-33.011],[37.16,-54.463],[24.207,-64.177],[-2.102,-47.176],[-28.007,-50.415],[-39.059,-26.129],[-74.96,-10.749],[-74.96,39.036],[-52.199,64.177],[-39.059,52.018],[-36.913,22.036],[-25.173,19.203]],"c":true}]},{"i":{"x":0.833,"y":0.833},"o":{"x":0.167,"y":0.167},"t":19,"s":[{"i":[[0,0],[-15.381,0],[6.633,23.159],[0,0],[31.572,8.094],[0,0],[0,0],[0,0],[14.166,-7.286],[0,0],[8.77,-15.717],[-0.44,-11.946],[0,0],[0,0],[-6.071,13.762],[0,0]],"o":[[0,0],[15.381,0],[-1.831,-6.399],[0,0],[0,0],[0,0],[0,0],[0,0],[-14.167,7.285],[0,0],[-9.049,16.216],[0.506,13.753],[0,0],[0,0],[6.071,-13.761],[0,0]],"v":[[-7.364,-13.987],[37.16,11.918],[73.481,-22.671],[64.812,-42.059],[22.587,-33.011],[31.482,-48.158],[19.87,-60.946],[-2.102,-47.176],[-26.877,-47.971],[-39.059,-26.129],[-75.854,-8.699],[-74.96,39.036],[-52.199,64.177],[-39.059,52.018],[-36.913,22.036],[-25.173,19.203]],"c":true}]},{"t":25,"s":[{"i":[[0,0],[-15.381,0],[6.633,23.159],[0,0],[31.572,8.094],[0,0],[0,0],[0,0],[14.166,-7.286],[0,0],[5.262,-17.809],[0,-13.761],[0,0],[0,0],[-6.071,13.762],[0,0]],"o":[[0,0],[15.381,0],[-1.831,-6.399],[0,0],[0,0],[0,0],[0,0],[0,0],[-14.167,7.285],[0,0],[-5.26,17.809],[0,13.762],[0,0],[0,0],[6.071,-13.761],[0,0]],"v":[[-7.364,-13.987],[37.16,11.918],[73.587,-30.186],[62.66,-54.463],[22.588,-33.011],[37.16,-54.463],[24.207,-64.177],[-2.102,-47.176],[-28.007,-50.415],[-39.059,-26.129],[-74.96,-10.749],[-74.96,39.036],[-52.199,64.177],[-39.059,52.018],[-36.913,22.036],[-25.173,19.203]],"c":true}]}],"ix":2},"nm":"Path 1","mn":"ADBE Vector Shape - Group","hd":false},{"ty":"fl","c":{"a":0,"k":[0.3333,0.3333,0.3333,1],"ix":4},"o":{"a":0,"k":100,"ix":5},"r":1,"bm":0,"nm":"Fill 1","mn":"ADBE Vector Graphic - Fill","hd":false},{"ty":"tr","p":{"a":0,"k":[80.471,64.428],"ix":2},"a":{"a":0,"k":[0,0],"ix":1},"s":{"a":0,"k":[100,100],"ix":3},"r":{"a":0,"k":0,"ix":6},"o":{"a":0,"k":100,"ix":7},"sk":{"a":0,"k":0,"ix":4},"sa":{"a":0,"k":0,"ix":5},"nm":"Transform"}],"nm":"Group 2","np":2,"cix":2,"bm":0,"ix":2,"mn":"ADBE Vector Group","hd":false},{"ty":"gr","it":[{"ind":0,"ty":"sh","ix":1,"ks":{"a":0,"k":{"i":[[0,0],[-8.976,1.76],[0,0],[7.946,5.369]],"o":[[7.15,5.69],[0,0],[-9.305,2.625],[0,0]],"v":[[-14.752,-9.156],[17.102,5.739],[17.269,6.531],[-17.269,-6.084]],"c":true},"ix":2},"nm":"Path 1","mn":"ADBE Vector Shape - Group","hd":false},{"ty":"fl","c":{"a":0,"k":[0.21,0.21,0.21,1],"ix":4},"o":{"a":0,"k":100,"ix":5},"r":1,"bm":0,"nm":"Fill 1","mn":"ADBE Vector Graphic - Fill","hd":false},{"ty":"tr","p":{"a":0,"k":[30.234,32.636],"ix":2},"a":{"a":0,"k":[0,0],"ix":1},"s":{"a":0,"k":[100,100],"ix":3},"r":{"a":1,"k":[{"i":{"x":[0.833],"y":[0.833]},"o":{"x":[0.167],"y":[0.167]},"t":1,"s":[0]},{"i":{"x":[0.833],"y":[0.833]},"o":{"x":[0.167],"y":[0.167]},"t":7,"s":[16]},{"i":{"x":[0.833],"y":[0.833]},"o":{"x":[0.167],"y":[0.167]},"t":13,"s":[0]},{"i":{"x":[0.833],"y":[0.833]},"o":{"x":[0.167],"y":[0.167]},"t":19,"s":[16]},{"t":25,"s":[0]}],"ix":6},"o":{"a":0,"k":100,"ix":7},"sk":{"a":0,"k":0,"ix":4},"sa":{"a":0,"k":0,"ix":5},"nm":"Transform"}],"nm":"Group 3","np":2,"cix":2,"bm":0,"ix":3,"mn":"ADBE Vector Group","hd":false},{"ty":"gr","it":[{"ind":0,"ty":"sh","ix":1,"ks":{"a":0,"k":{"i":[[0,0],[-7.193,-9.294],[0,0],[-1.857,12.491]],"o":[[-3.784,10.464],[0,0],[-9.69,-8.426],[0,0]],"v":[[3.634,-16.33],[6.077,17.786],[5.505,18.358],[-4.22,-18.358]],"c":true},"ix":2},"nm":"Path 1","mn":"ADBE Vector Shape - Group","hd":false},{"ty":"fl","c":{"a":0,"k":[0.21,0.21,0.21,1],"ix":4},"o":{"a":0,"k":100,"ix":5},"r":1,"bm":0,"nm":"Fill 1","mn":"ADBE Vector Graphic - Fill","hd":false},{"ty":"tr","p":{"a":0,"k":[35.621,20.225],"ix":2},"a":{"a":0,"k":[0,0],"ix":1},"s":{"a":0,"k":[100,100],"ix":3},"r":{"a":1,"k":[{"i":{"x":[0.833],"y":[0.833]},"o":{"x":[0.167],"y":[0.167]},"t":1,"s":[0]},{"i":{"x":[0.833],"y":[0.833]},"o":{"x":[0.167],"y":[0.167]},"t":7,"s":[13]},{"i":{"x":[0.833],"y":[0.833]},"o":{"x":[0.167],"y":[0.167]},"t":13,"s":[0]},{"i":{"x":[0.833],"y":[0.833]},"o":{"x":[0.167],"y":[0.167]},"t":19,"s":[13]},{"t":25,"s":[0]}],"ix":6},"o":{"a":0,"k":100,"ix":7},"sk":{"a":0,"k":0,"ix":4},"sa":{"a":0,"k":0,"ix":5},"nm":"Transform"}],"nm":"Group 4","np":2,"cix":2,"bm":0,"ix":4,"mn":"ADBE Vector Group","hd":false}],"ip":0,"op":26,"st":1,"bm":0},{"ddd":0,"ind":3,"ty":4,"nm":"bag","parent":4,"sr":1,"ks":{"o":{"a":0,"k":100,"ix":11},"r":{"a":0,"k":0,"ix":10},"p":{"a":1,"k":[{"i":{"x":0.833,"y":0.833},"o":{"x":0.167,"y":0.167},"t":1,"s":[23,124.5,0],"to":[0,-1.167,0],"ti":[0,0,0]},{"i":{"x":0.833,"y":0.833},"o":{"x":0.167,"y":0.167},"t":7,"s":[23,117.5,0],"to":[0,0,0],"ti":[0,0,0]},{"i":{"x":0.833,"y":0.833},"o":{"x":0.167,"y":0.167},"t":13,"s":[23,124.5,0],"to":[0,0,0],"ti":[0,0,0]},{"i":{"x":0.833,"y":0.833},"o":{"x":0.167,"y":0.167},"t":19,"s":[23,117.5,0],"to":[0,0,0],"ti":[0,-1.167,0]},{"t":25,"s":[23,124.5,0]}],"ix":2},"a":{"a":0,"k":[98.5,114.5,0],"ix":1},"s":{"a":0,"k":[100,100,100],"ix":6}},"ao":0,"shapes":[{"ty":"gr","it":[{"ind":0,"ty":"sh","ix":1,"ks":{"a":0,"k":{"i":[[0.41,-4.561],[63.541,-38.052],[14.843,-5.061],[-0.251,4.104],[4.629,28.978],[16.759,0.135],[12.973,-31.007],[0,0],[-11.696,14.935],[0,0],[-5.701,3.991],[-4.127,-25.831]],"o":[[-4.675,49.61],[-13.384,8.117],[0.206,-4.947],[108.64,-37.049],[-2.165,-16.073],[-33.035,-0.365],[0,0],[6.84,-17.533],[0,0],[4.675,-5.995],[27.357,-19.72],[0.867,4.948]],"v":[[75.398,-64.123],[-33.674,100.374],[-76.173,120.231],[-75.488,106.553],[68.694,-77.21],[32.511,-103.861],[-34.541,-32.272],[-36.593,-33.093],[-9.279,-85.259],[-9.257,-85.282],[6.271,-100.512],[75.306,-78.282]],"c":true},"ix":2},"nm":"Path 1","mn":"ADBE Vector Shape - Group","hd":false},{"ty":"fl","c":{"a":0,"k":[0.3333,0.3333,0.3333,1],"ix":4},"o":{"a":0,"k":100,"ix":5},"r":1,"bm":0,"nm":"Fill 1","mn":"ADBE Vector Graphic - Fill","hd":false},{"ty":"tr","p":{"a":0,"k":[147.701,120.482],"ix":2},"a":{"a":0,"k":[0,0],"ix":1},"s":{"a":0,"k":[100,100],"ix":3},"r":{"a":0,"k":0,"ix":6},"o":{"a":0,"k":100,"ix":7},"sk":{"a":0,"k":0,"ix":4},"sa":{"a":0,"k":0,"ix":5},"nm":"Transform"}],"nm":"Group 1","np":2,"cix":2,"bm":0,"ix":1,"mn":"ADBE Vector Group","hd":false},{"ty":"gr","it":[{"ind":0,"ty":"sh","ix":1,"ks":{"a":0,"k":{"i":[[0,0],[8.636,0],[0,0],[0,0],[23.206,-27.524],[-27.523,-11.873],[-8.095,8.095]],"o":[[0,0],[-8.635,0],[0,0],[0,0],[-23.207,27.524],[27.523,11.873],[8.096,-8.095]],"v":[[59.095,-96.064],[24.555,-106.317],[-19.699,-46.413],[-5.667,-38.317],[-21.857,9.714],[-31.572,91.746],[19.158,98.222]],"c":true},"ix":2},"nm":"Path 1","mn":"ADBE Vector Shape - Group","hd":false},{"ty":"fl","c":{"a":0,"k":[0.34,0.34,0.34,1],"ix":4},"o":{"a":0,"k":100,"ix":5},"r":1,"bm":0,"nm":"Fill 1","mn":"ADBE Vector Graphic - Fill","hd":false},{"ty":"tr","p":{"a":0,"k":[59.683,186.42],"ix":2},"a":{"a":0,"k":[0,0],"ix":1},"s":{"a":0,"k":[100,100],"ix":3},"r":{"a":0,"k":0,"ix":6},"o":{"a":0,"k":100,"ix":7},"sk":{"a":0,"k":0,"ix":4},"sa":{"a":0,"k":0,"ix":5},"nm":"Transform"}],"nm":"Group 2","np":2,"cix":2,"bm":0,"ix":2,"mn":"ADBE Vector Group","hd":false},{"ty":"gr","it":[{"ind":0,"ty":"sh","ix":1,"ks":{"a":0,"k":{"i":[[0,0],[0,-14.977],[-5.465,-5.463],[0,0],[0,0]],"o":[[0,0],[0,14.976],[5.464,5.465],[0,0],[0,0]],"v":[[0.911,-29.041],[-14.065,0.102],[-16.493,23.577],[4.958,26.007],[21.958,-21.493]],"c":true},"ix":2},"nm":"Path 1","mn":"ADBE Vector Shape - Group","hd":false},{"ty":"fl","c":{"a":0,"k":[0.3333,0.3333,0.3333,1],"ix":4},"o":{"a":0,"k":100,"ix":5},"r":1,"bm":0,"nm":"Fill 1","mn":"ADBE Vector Graphic - Fill","hd":false},{"ty":"tr","p":{"a":0,"k":[22.208,231.652],"ix":2},"a":{"a":0,"k":[0,0],"ix":1},"s":{"a":0,"k":[100,100],"ix":3},"r":{"a":0,"k":0,"ix":6},"o":{"a":0,"k":100,"ix":7},"sk":{"a":0,"k":0,"ix":4},"sa":{"a":0,"k":0,"ix":5},"nm":"Transform"}],"nm":"Group 3","np":2,"cix":2,"bm":0,"ix":3,"mn":"ADBE Vector Group","hd":false},{"ty":"gr","it":[{"ind":0,"ty":"sh","ix":1,"ks":{"a":0,"k":{"i":[[0,0],[6.476,0],[0,0],[0,0]],"o":[[0,0],[-6.477,0],[0,0],[0,0]],"v":[[23.882,-19.417],[4.047,-24.273],[-23.882,9.322],[0,24.273]],"c":true},"ix":2},"nm":"Path 1","mn":"ADBE Vector Shape - Group","hd":false},{"ty":"fl","c":{"a":0,"k":[0.21,0.21,0.21,1],"ix":4},"o":{"a":0,"k":100,"ix":5},"r":1,"bm":0,"nm":"Fill 1","mn":"ADBE Vector Graphic - Fill","hd":false},{"ty":"tr","p":{"a":0,"k":[40.119,193.289],"ix":2},"a":{"a":0,"k":[0,0],"ix":1},"s":{"a":0,"k":[100,100],"ix":3},"r":{"a":0,"k":0,"ix":6},"o":{"a":0,"k":100,"ix":7},"sk":{"a":0,"k":0,"ix":4},"sa":{"a":0,"k":0,"ix":5},"nm":"Transform"}],"nm":"Group 4","np":2,"cix":2,"bm":0,"ix":4,"mn":"ADBE Vector Group","hd":false},{"ty":"gr","it":[{"ind":0,"ty":"sh","ix":1,"ks":{"a":0,"k":{"i":[[0,0],[23.071,0],[0,0],[-6.226,17.808]],"o":[[0,0],[0,0],[0,0],[0,0]],"v":[[24.768,-31.167],[-26.637,15.785],[-17.732,31.167],[26.637,-25.904]],"c":true},"ix":2},"nm":"Path 1","mn":"ADBE Vector Shape - Group","hd":false},{"ty":"fl","c":{"a":0,"k":[0.3333,0.3333,0.3333,1],"ix":4},"o":{"a":0,"k":100,"ix":5},"r":1,"bm":0,"nm":"Fill 1","mn":"ADBE Vector Graphic - Fill","hd":false},{"ty":"tr","p":{"a":0,"k":[53.971,282.706],"ix":2},"a":{"a":0,"k":[24.447,-26.502],"ix":1},"s":{"a":0,"k":[100,100],"ix":3},"r":{"a":1,"k":[{"i":{"x":[0.833],"y":[0.833]},"o":{"x":[0.167],"y":[0.167]},"t":1,"s":[-15]},{"i":{"x":[0.833],"y":[0.833]},"o":{"x":[0.167],"y":[0.167]},"t":7,"s":[10]},{"i":{"x":[0.833],"y":[0.833]},"o":{"x":[0.167],"y":[0.167]},"t":13,"s":[-20]},{"i":{"x":[0.833],"y":[0.833]},"o":{"x":[0.167],"y":[0.167]},"t":19,"s":[10]},{"t":25,"s":[0]}],"ix":6},"o":{"a":0,"k":100,"ix":7},"sk":{"a":0,"k":0,"ix":4},"sa":{"a":0,"k":0,"ix":5},"nm":"Transform"}],"nm":"Group 5","np":2,"cix":2,"bm":0,"ix":5,"mn":"ADBE Vector Group","hd":false}],"ip":0,"op":26,"st":1,"bm":0},{"ddd":0,"ind":4,"ty":4,"nm":"body","sr":1,"ks":{"o":{"a":0,"k":100,"ix":11},"r":{"a":1,"k":[{"i":{"x":[0.833],"y":[0.833]},"o":{"x":[0.167],"y":[0.167]},"t":0,"s":[0]},{"i":{"x":[0.833],"y":[0.833]},"o":{"x":[0.167],"y":[0.167]},"t":6,"s":[3]},{"i":{"x":[0.833],"y":[0.833]},"o":{"x":[0.167],"y":[0.167]},"t":12,"s":[0]},{"i":{"x":[0.833],"y":[0.833]},"o":{"x":[0.167],"y":[0.167]},"t":18,"s":[3]},{"t":24,"s":[0]}],"ix":10},"p":{"a":1,"k":[{"i":{"x":0.833,"y":0.833},"o":{"x":0.167,"y":0.167},"t":0,"s":[495,363,0],"to":[0,0,0],"ti":[0,0,0]},{"i":{"x":0.833,"y":0.833},"o":{"x":0.167,"y":0.167},"t":6,"s":[495,331,0],"to":[0,0,0],"ti":[0,0,0]},{"i":{"x":0.833,"y":0.833},"o":{"x":0.167,"y":0.167},"t":12,"s":[495,363,0],"to":[0,0,0],"ti":[0,0,0]},{"i":{"x":0.833,"y":0.833},"o":{"x":0.167,"y":0.167},"t":18,"s":[495,331,0],"to":[0,0,0],"ti":[0,-5.333,0]},{"t":24,"s":[495,363,0]}],"ix":2},"a":{"a":0,"k":[88,166.5,0],"ix":1},"s":{"a":0,"k":[100,100,100],"ix":6}},"ao":0,"shapes":[{"ty":"gr","it":[{"ind":0,"ty":"sh","ix":1,"ks":{"a":0,"k":{"i":[[-51.405,55.136],[-11.377,-0.743],[-0.242,-21.187],[20.987,1.815],[7.432,-4.692],[-96.873,-53.635],[-7.018,-2.25]],"o":[[10.463,-10.941],[20.893,1.475],[0.059,-21.712],[-8.956,-0.696],[-48.92,31.016],[6.532,3.431],[-92.401,-32.222]],"v":[[-8.901,-102.433],[20.058,-113.608],[56.798,-81.175],[20.163,-114.881],[-1.507,-110.777],[39.988,106.919],[60.306,115.577]],"c":true},"ix":2},"nm":"Path 1","mn":"ADBE Vector Shape - Group","hd":false},{"ty":"fl","c":{"a":0,"k":[1,1,1,1],"ix":4},"o":{"a":0,"k":100,"ix":5},"r":1,"bm":0,"nm":"Fill 1","mn":"ADBE Vector Graphic - Fill","hd":false},{"ty":"tr","p":{"a":0,"k":[88.875,141.106],"ix":2},"a":{"a":0,"k":[0,0],"ix":1},"s":{"a":0,"k":[100,100],"ix":3},"r":{"a":0,"k":0,"ix":6},"o":{"a":0,"k":100,"ix":7},"sk":{"a":0,"k":0,"ix":4},"sa":{"a":0,"k":0,"ix":5},"nm":"Transform"}],"nm":"Group 1","np":2,"cix":2,"bm":0,"ix":1,"mn":"ADBE Vector Group","hd":false},{"ty":"gr","it":[{"ind":0,"ty":"sh","ix":1,"ks":{"a":0,"k":{"i":[[0.478,7.673],[10.119,14.572],[0,0],[30.101,-10.704],[11.739,-63.953],[-5.501,-20.197],[-0.039,-0.144],[0,0]],"o":[[-1.89,-30.356],[-10.119,-14.571],[0,0],[-24.963,8.877],[-1.806,9.845],[0.039,0.143],[0,0],[-5.741,-33.345]],"v":[[65.286,81.568],[77.563,-126.48],[57.739,-141.05],[10.373,-155.217],[-81.913,53.639],[-82.182,165.489],[-82.061,165.921],[75.527,147.778]],"c":true},"ix":2},"nm":"Path 1","mn":"ADBE Vector Shape - Group","hd":false},{"ty":"fl","c":{"a":0,"k":[1,0.6941,0,1],"ix":4},"o":{"a":0,"k":100,"ix":5},"r":1,"bm":0,"nm":"Fill 1","mn":"ADBE Vector Graphic - Fill","hd":false},{"ty":"tr","p":{"a":0,"k":[87.933,166.172],"ix":2},"a":{"a":0,"k":[0,0],"ix":1},"s":{"a":0,"k":[100,100],"ix":3},"r":{"a":0,"k":0,"ix":6},"o":{"a":0,"k":100,"ix":7},"sk":{"a":0,"k":0,"ix":4},"sa":{"a":0,"k":0,"ix":5},"nm":"Transform"}],"nm":"Group 2","np":2,"cix":2,"bm":0,"ix":2,"mn":"ADBE Vector Group","hd":false}],"ip":0,"op":25,"st":0,"bm":0},{"ddd":0,"ind":5,"ty":4,"nm":"hed","parent":6,"sr":1,"ks":{"o":{"a":0,"k":100,"ix":11},"r":{"a":0,"k":0,"ix":10},"p":{"a":0,"k":[84.5,-21.5,0],"ix":2},"a":{"a":0,"k":[49,71,0],"ix":1},"s":{"a":0,"k":[100,100,100],"ix":6}},"ao":0,"shapes":[{"ty":"gr","it":[{"ind":0,"ty":"sh","ix":1,"ks":{"a":0,"k":{"i":[[-2.305,-0.953],[-0.631,-0.699]],"o":[[-10.341,-2.517],[1.862,1.593]],"v":[[5.171,2.106],[-1.174,-1.408]],"c":true},"ix":2},"nm":"Path 1","mn":"ADBE Vector Shape - Group","hd":false},{"ty":"fl","c":{"a":0,"k":[0.4,0.4,0.4,1],"ix":4},"o":{"a":0,"k":100,"ix":5},"r":1,"bm":0,"nm":"Fill 1","mn":"ADBE Vector Graphic - Fill","hd":false},{"ty":"tr","p":{"a":0,"k":[72.418,117.01],"ix":2},"a":{"a":0,"k":[0,0],"ix":1},"s":{"a":0,"k":[100,100],"ix":3},"r":{"a":0,"k":0,"ix":6},"o":{"a":0,"k":100,"ix":7},"sk":{"a":0,"k":0,"ix":4},"sa":{"a":0,"k":0,"ix":5},"nm":"Transform"}],"nm":"Group 1","np":2,"cix":2,"bm":0,"ix":1,"mn":"ADBE Vector Group","hd":false},{"ty":"gr","it":[{"ind":0,"ty":"sh","ix":1,"ks":{"a":0,"k":{"i":[[-1.129,0.995],[-3.994,-6.944],[0.75,1.309],[4.199,-3.704]],"o":[[5.975,-5.231],[0.75,1.306],[-3.049,-5.309],[-1.137,0.997]],"v":[[-9.802,4.041],[10.181,0.196],[8.203,1.332],[-8.293,5.751]],"c":true},"ix":2},"nm":"Path 1","mn":"ADBE Vector Shape - Group","hd":false},{"ty":"fl","c":{"a":0,"k":[0.4,0.4,0.4,1],"ix":4},"o":{"a":0,"k":100,"ix":5},"r":1,"bm":0,"nm":"Fill 1","mn":"ADBE Vector Graphic - Fill","hd":false},{"ty":"tr","p":{"a":0,"k":[80.493,65.396],"ix":2},"a":{"a":0,"k":[0,0],"ix":1},"s":{"a":0,"k":[100,100],"ix":3},"r":{"a":0,"k":0,"ix":6},"o":{"a":0,"k":100,"ix":7},"sk":{"a":0,"k":0,"ix":4},"sa":{"a":0,"k":0,"ix":5},"nm":"Transform"}],"nm":"Group 2","np":2,"cix":2,"bm":0,"ix":2,"mn":"ADBE Vector Group","hd":false},{"ty":"gr","it":[{"ind":0,"ty":"sh","ix":1,"ks":{"a":0,"k":{"i":[[1.242,-2.153],[1.483,0.856],[-1.242,2.152],[-1.484,-0.859]],"o":[[-1.243,2.152],[-1.486,-0.859],[1.242,-2.153],[1.485,0.856]],"v":[[2.688,1.553],[-2.25,3.899],[-2.688,-1.55],[2.25,-3.896]],"c":true},"ix":2},"nm":"Path 1","mn":"ADBE Vector Shape - Group","hd":false},{"ty":"fl","c":{"a":0,"k":[0.4,0.4,0.4,1],"ix":4},"o":{"a":0,"k":100,"ix":5},"r":1,"bm":0,"nm":"Fill 1","mn":"ADBE Vector Graphic - Fill","hd":false},{"ty":"tr","p":{"a":0,"k":[81.909,80.895],"ix":2},"a":{"a":0,"k":[0,0],"ix":1},"s":{"a":1,"k":[{"i":{"x":[0.833,0.833],"y":[0.833,0.833]},"o":{"x":[0.167,0.167],"y":[0.167,0.167]},"t":6,"s":[100,100]},{"i":{"x":[0.833,0.833],"y":[0.833,0.833]},"o":{"x":[0.167,0.167],"y":[0.167,0.167]},"t":7,"s":[90,31]},{"i":{"x":[0.833,0.833],"y":[0.833,0.833]},"o":{"x":[0.167,0.167],"y":[0.167,0.167]},"t":8,"s":[90,31]},{"t":9,"s":[90,100]}],"ix":3},"r":{"a":0,"k":0,"ix":6},"o":{"a":0,"k":100,"ix":7},"sk":{"a":0,"k":0,"ix":4},"sa":{"a":0,"k":0,"ix":5},"nm":"Transform"}],"nm":"Group 3","np":2,"cix":2,"bm":0,"ix":3,"mn":"ADBE Vector Group","hd":false},{"ty":"gr","it":[{"ind":0,"ty":"sh","ix":1,"ks":{"a":0,"k":{"i":[[0,0],[9.916,-1.214],[-7.354,-1.416]],"o":[[0,0],[-9.918,1.214],[7.356,1.416]],"v":[[9.107,1.213],[0.001,-7.488],[-1.487,7.285]],"c":true},"ix":2},"nm":"Path 1","mn":"ADBE Vector Shape - Group","hd":false},{"ty":"fl","c":{"a":0,"k":[0.9934,0.7994,0.3466,1],"ix":4},"o":{"a":0,"k":100,"ix":5},"r":1,"bm":0,"nm":"Fill 1","mn":"ADBE Vector Graphic - Fill","hd":false},{"ty":"tr","p":{"a":0,"k":[20.787,68.183],"ix":2},"a":{"a":0,"k":[0,0],"ix":1},"s":{"a":0,"k":[100,100],"ix":3},"r":{"a":0,"k":0,"ix":6},"o":{"a":0,"k":100,"ix":7},"sk":{"a":0,"k":0,"ix":4},"sa":{"a":0,"k":0,"ix":5},"nm":"Transform"}],"nm":"Group 4","np":2,"cix":2,"bm":0,"ix":4,"mn":"ADBE Vector Group","hd":false},{"ty":"gr","it":[{"ind":0,"ty":"sh","ix":1,"ks":{"a":0,"k":{"i":[[0,0],[14.975,1.011],[-7.179,-7.179],[-4.351,4.35]],"o":[[0,0],[-14.976,-1.013],[7.179,7.178],[4.351,-4.353]],"v":[[17.251,0.049],[1.262,-15.939],[-10.072,9.774],[12.19,11.18]],"c":true},"ix":2},"nm":"Path 1","mn":"ADBE Vector Shape - Group","hd":false},{"ty":"fl","c":{"a":0,"k":[0.9888,0.8275,0.4512,1],"ix":4},"o":{"a":0,"k":100,"ix":5},"r":1,"bm":0,"nm":"Fill 1","mn":"ADBE Vector Graphic - Fill","hd":false},{"ty":"tr","p":{"a":0,"k":[17.5,67.932],"ix":2},"a":{"a":0,"k":[0,0],"ix":1},"s":{"a":0,"k":[100,100],"ix":3},"r":{"a":0,"k":0,"ix":6},"o":{"a":0,"k":100,"ix":7},"sk":{"a":0,"k":0,"ix":4},"sa":{"a":0,"k":0,"ix":5},"nm":"Transform"}],"nm":"Group 5","np":2,"cix":2,"bm":0,"ix":5,"mn":"ADBE Vector Group","hd":false},{"ty":"gr","it":[{"ind":0,"ty":"sh","ix":1,"ks":{"a":0,"k":{"i":[[-66.785,-20.913],[0,-22.667],[0,0],[0,0],[3.104,-3.103],[1.013,-1.012],[3.373,-6.072],[9.31,12.682],[9.85,4.857]],"o":[[0,0],[0,22.666],[0,0],[0,0],[0,0],[-1.012,1.013],[-3.373,6.072],[-9.31,-12.683],[-9.849,-4.857]],"v":[[26.782,-49.786],[46.751,-15.785],[36.765,41.151],[28.132,38.991],[26.782,48.167],[26.782,51.135],[16.392,60.444],[-17.337,58.017],[-36.902,30.087]],"c":true},"ix":2},"nm":"Path 1","mn":"ADBE Vector Shape - Group","hd":false},{"ty":"fl","c":{"a":0,"k":[0.9888,0.8275,0.4512,1],"ix":4},"o":{"a":0,"k":100,"ix":5},"r":1,"bm":0,"nm":"Fill 1","mn":"ADBE Vector Graphic - Fill","hd":false},{"ty":"tr","p":{"a":0,"k":[50.806,70.949],"ix":2},"a":{"a":0,"k":[0,0],"ix":1},"s":{"a":0,"k":[100,100],"ix":3},"r":{"a":0,"k":0,"ix":6},"o":{"a":0,"k":100,"ix":7},"sk":{"a":0,"k":0,"ix":4},"sa":{"a":0,"k":0,"ix":5},"nm":"Transform"}],"nm":"Group 6","np":2,"cix":2,"bm":0,"ix":6,"mn":"ADBE Vector Group","hd":false}],"ip":0,"op":25,"st":0,"bm":0},{"ddd":0,"ind":6,"ty":4,"nm":"sk","parent":4,"sr":1,"ks":{"o":{"a":0,"k":100,"ix":11},"r":{"a":0,"k":0,"ix":10},"p":{"a":1,"k":[{"i":{"x":0.833,"y":0.833},"o":{"x":0.167,"y":0.167},"t":1,"s":[131,16.5,0],"to":[0,-1,0],"ti":[0,0,0]},{"i":{"x":0.833,"y":0.833},"o":{"x":0.167,"y":0.167},"t":7,"s":[131,10.5,0],"to":[0,0,0],"ti":[0,0,0]},{"i":{"x":0.833,"y":0.833},"o":{"x":0.167,"y":0.167},"t":13,"s":[131,16.5,0],"to":[0,0,0],"ti":[0,0,0]},{"i":{"x":0.833,"y":0.833},"o":{"x":0.167,"y":0.167},"t":19,"s":[131,10.5,0],"to":[0,0,0],"ti":[0,-1,0]},{"t":25,"s":[131,16.5,0]}],"ix":2},"a":{"a":0,"k":[38.5,37.5,0],"ix":1},"s":{"a":0,"k":[100,100,100],"ix":6}},"ao":0,"shapes":[{"ty":"gr","it":[{"ind":0,"ty":"sh","ix":1,"ks":{"a":0,"k":{"i":[[0,0],[7.519,-7.183],[-8.481,-12.96],[-1.647,-1.312],[0,0]],"o":[[0,0],[7.821,7.149],[1.286,1.968],[0,0],[0,0]],"v":[[-8.247,-25.921],[-21.765,-13.401],[-1.192,21.022],[3.244,25.921],[21.765,-6.05]],"c":true},"ix":2},"nm":"Path 1","mn":"ADBE Vector Shape - Group","hd":false},{"ty":"fl","c":{"a":0,"k":[0.9934,0.7994,0.3466,1],"ix":4},"o":{"a":0,"k":100,"ix":5},"r":1,"bm":0,"nm":"Fill 1","mn":"ADBE Vector Graphic - Fill","hd":false},{"ty":"tr","p":{"a":0,"k":[54.826,26.171],"ix":2},"a":{"a":0,"k":[0,0],"ix":1},"s":{"a":0,"k":[100,100],"ix":3},"r":{"a":0,"k":0,"ix":6},"o":{"a":0,"k":100,"ix":7},"sk":{"a":0,"k":0,"ix":4},"sa":{"a":0,"k":0,"ix":5},"nm":"Transform"}],"nm":"Group 1","np":2,"cix":2,"bm":0,"ix":1,"mn":"ADBE Vector Group","hd":false},{"ty":"gr","it":[{"ind":0,"ty":"sh","ix":1,"ks":{"a":0,"k":{"i":[[0,0],[8.302,-13.711],[-15.996,-6.921],[0,0]],"o":[[0,0],[-5.167,8.531],[0,0],[0,0]],"v":[[8.159,-37.12],[-33.004,5.824],[6.675,37.12],[38.171,-17.248]],"c":true},"ix":2},"nm":"Path 1","mn":"ADBE Vector Shape - Group","hd":false},{"ty":"fl","c":{"a":0,"k":[0.9888,0.8275,0.4512,1],"ix":4},"o":{"a":0,"k":100,"ix":5},"r":1,"bm":0,"nm":"Fill 1","mn":"ADBE Vector Graphic - Fill","hd":false},{"ty":"tr","p":{"a":0,"k":[38.42,37.369],"ix":2},"a":{"a":0,"k":[0,0],"ix":1},"s":{"a":0,"k":[100,100],"ix":3},"r":{"a":0,"k":0,"ix":6},"o":{"a":0,"k":100,"ix":7},"sk":{"a":0,"k":0,"ix":4},"sa":{"a":0,"k":0,"ix":5},"nm":"Transform"}],"nm":"Group 2","np":2,"cix":2,"bm":0,"ix":2,"mn":"ADBE Vector Group","hd":false}],"ip":0,"op":26,"st":1,"bm":0},{"ddd":0,"ind":7,"ty":4,"nm":"leg1 ","parent":4,"sr":1,"ks":{"o":{"a":0,"k":100,"ix":11},"r":{"a":1,"k":[{"i":{"x":[0.833],"y":[0.833]},"o":{"x":[0.167],"y":[0.167]},"t":0,"s":[0]},{"i":{"x":[0.833],"y":[0.833]},"o":{"x":[0.167],"y":[0.167]},"t":12,"s":[-35]},{"t":24,"s":[0]}],"ix":10},"p":{"a":1,"k":[{"i":{"x":0.833,"y":0.833},"o":{"x":0.167,"y":0.167},"t":0,"s":[79,375.5,0],"to":[0,0,0],"ti":[0,0,0]},{"i":{"x":0.833,"y":0.833},"o":{"x":0.167,"y":0.167},"t":6,"s":[92.5,337.5,0],"to":[0,0,0],"ti":[0,0,0]},{"i":{"x":0.833,"y":0.833},"o":{"x":0.167,"y":0.167},"t":12,"s":[106,375.5,0],"to":[0,0,0],"ti":[0,0,0]},{"i":{"x":0.833,"y":0.833},"o":{"x":0.167,"y":0.167},"t":18,"s":[92.5,385.5,0],"to":[0,0,0],"ti":[0,0,0]},{"t":24,"s":[79,375.5,0]}],"ix":2},"a":{"a":0,"k":[178,68.5,0],"ix":1},"s":{"a":0,"k":[100,100,100],"ix":6}},"ao":0,"shapes":[{"ty":"gr","it":[{"ind":0,"ty":"sh","ix":1,"ks":{"a":1,"k":[{"i":{"x":0.833,"y":0.833},"o":{"x":0.167,"y":0.167},"t":0,"s":[{"i":[[0,0],[0,0],[0,12.893],[0.629,0],[0,-0.63],[0.879,-7.67],[0,0],[0,0],[0.323,-0.652],[0,0],[0,0],[0,0],[0,0]],"o":[[0,0],[1.025,-8.91],[0,-0.63],[-0.63,0],[0,12.592],[0,0],[0,0],[-0.348,0.731],[0,0],[-0.067,-0.93],[0,0],[0,0],[0,0]],"v":[[45.917,2.218],[46.029,1.84],[71.115,-229.447],[69.977,-230.587],[68.837,-229.447],[43.788,1.381],[-63.975,217.804],[-70.109,213.625],[-71.115,215.698],[-49.256,230.587],[-49.357,229.139],[-48.769,228.162],[-62.075,219.099]],"c":true}]},{"i":{"x":0.833,"y":0.833},"o":{"x":0.167,"y":0.167},"t":6,"s":[{"i":[[0,0],[0,0],[0,12.893],[0.629,0],[0,-0.63],[0.879,-7.67],[0,0],[0,0],[0.323,-0.652],[0,0],[0,0],[0,0],[0,0]],"o":[[0,0],[1.025,-8.91],[0,-0.63],[-0.63,0],[0,12.592],[0,0],[0,0],[-0.348,0.731],[0,0],[-0.067,-0.93],[0,0],[0,0],[0,0]],"v":[[45.917,2.218],[46.029,1.84],[40.502,-225.468],[50,-233.74],[34.408,-226.671],[43.788,1.381],[-69.71,230.977],[-76.11,224.071],[-75.248,221.947],[-50.416,241.508],[-49.236,242.275],[-50.157,244.745],[-69.77,232.121]],"c":true}]},{"i":{"x":0.833,"y":0.833},"o":{"x":0.167,"y":0.167},"t":12,"s":[{"i":[[0,0],[0,0],[0,12.893],[0.629,0],[0,-0.63],[0.879,-7.67],[0,0],[0,0],[0.323,-0.652],[0,0],[0,0],[0,0],[0,0]],"o":[[0,0],[1.025,-8.91],[0,-0.63],[-0.63,0],[0,12.592],[0,0],[0,0],[-0.348,0.731],[0,0],[-0.067,-0.93],[0,0],[0,0],[0,0]],"v":[[45.917,2.218],[46.029,1.84],[71.115,-229.447],[69.977,-230.587],[68.837,-229.447],[43.788,1.381],[-75.367,248.892],[-74.477,246.885],[-76.159,251.232],[-53.225,267.636],[-53.049,266.229],[-53.7,264.842],[-75.003,250.638]],"c":true}]},{"i":{"x":0.833,"y":0.833},"o":{"x":0.167,"y":0.167},"t":18,"s":[{"i":[[0,0],[0,0],[0,12.893],[0.629,0],[0,-0.63],[0.879,-7.67],[0,0],[0,0],[0.323,-0.652],[0,0],[0,0],[0,0],[0,0]],"o":[[0,0],[1.025,-8.91],[0,-0.63],[-0.63,0],[0,12.592],[0,0],[0,0],[-0.348,0.731],[0,0],[-0.067,-0.93],[0,0],[0,0],[0,0]],"v":[[30.004,-3.848],[31.071,-3.925],[93.756,-218.114],[95.83,-216.144],[96.847,-218.518],[29.182,-2.176],[-78.856,261.646],[-82.154,260.699],[-82.933,264.611],[-50.063,272.812],[-49.914,268.536],[-54.437,268.298],[-78.151,261.196]],"c":true}]},{"i":{"x":0.833,"y":0.833},"o":{"x":0.167,"y":0.167},"t":21,"s":[{"i":[[0,0],[0,0],[0,12.893],[0.629,0],[0,-0.63],[0.879,-7.67],[0,0],[0,0],[0.323,-0.652],[0,0],[0,0],[0,0],[0,0]],"o":[[0,0],[1.025,-8.91],[0,-0.63],[-0.63,0],[0,12.592],[0,0],[0,0],[-0.348,0.731],[0,0],[-0.067,-0.93],[0,0],[0,0],[0,0]],"v":[[37.96,-0.815],[38.55,-1.042],[82.436,-223.781],[82.903,-223.366],[82.842,-223.983],[36.485,-0.397],[-66.416,228.606],[-74.411,225.159],[-76.32,227.363],[-47.787,237.064],[-46.765,235.115],[-46.984,234.649],[-65.342,228.867]],"c":true}]},{"t":24,"s":[{"i":[[0,0],[0,0],[0,12.893],[0.629,0],[0,-0.63],[0.879,-7.67],[0,0],[0,0],[0.323,-0.652],[0,0],[0,0],[0,0],[0,0]],"o":[[0,0],[1.025,-8.91],[0,-0.63],[-0.63,0],[0,12.592],[0,0],[0,0],[-0.348,0.731],[0,0],[-0.067,-0.93],[0,0],[0,0],[0,0]],"v":[[45.917,2.218],[46.029,1.84],[71.115,-229.447],[69.977,-230.587],[68.837,-229.447],[43.788,1.381],[-63.975,217.804],[-70.109,213.625],[-71.115,215.698],[-49.256,230.587],[-49.357,229.139],[-48.769,228.162],[-62.075,219.099]],"c":true}]}],"ix":2},"nm":"Path 1","mn":"ADBE Vector Shape - Group","hd":false},{"ty":"fl","c":{"a":0,"k":[0.4,0.4,0.4,1],"ix":4},"o":{"a":0,"k":100,"ix":5},"r":1,"bm":0,"nm":"Fill 1","mn":"ADBE Vector Graphic - Fill","hd":false},{"ty":"tr","p":{"a":0,"k":[93.712,259.256],"ix":2},"a":{"a":0,"k":[0,0],"ix":1},"s":{"a":0,"k":[100,100],"ix":3},"r":{"a":0,"k":0,"ix":6},"o":{"a":0,"k":100,"ix":7},"sk":{"a":0,"k":0,"ix":4},"sa":{"a":0,"k":0,"ix":5},"nm":"Transform"}],"nm":"Group 1","np":2,"cix":2,"bm":0,"ix":1,"mn":"ADBE Vector Group","hd":false},{"ty":"gr","it":[{"ind":0,"ty":"sh","ix":1,"ks":{"a":1,"k":[{"i":{"x":0.833,"y":0.833},"o":{"x":0.167,"y":0.167},"t":0,"s":[{"i":[[1.736,-20.792],[8.035,-24.627],[43.826,-76.791],[-29.087,47.898],[0,0],[-0.954,1.928],[-0.647,15.508]],"o":[[-24.479,9.473],[-5.149,8.695],[38.803,-61.014],[0,0],[68.047,-200.174],[0.013,-0.239],[-1.875,20.781]],"v":[[101.645,-167.144],[16.585,20.452],[-106.848,229.518],[20.663,22.335],[20.748,22.083],[103.748,-165.537],[106.849,-229.518]],"c":true}]},{"i":{"x":0.833,"y":0.833},"o":{"x":0.167,"y":0.167},"t":6,"s":[{"i":[[1.736,-20.792],[8.035,-24.627],[43.826,-76.791],[-43.904,41.504],[0,0],[-0.954,1.928],[-0.647,15.508]],"o":[[-18.904,18.93],[-5.149,8.695],[31.724,-45.482],[0,0],[30.232,-209.102],[0.013,-0.239],[-1.875,20.781]],"v":[[96.934,-170.442],[66.178,17.821],[-109.601,243.069],[62.711,24.587],[65.546,11.116],[96.072,-184.094],[106.849,-229.518]],"c":true}]},{"i":{"x":0.833,"y":0.833},"o":{"x":0.167,"y":0.167},"t":12,"s":[{"i":[[1.736,-20.792],[8.035,-24.627],[43.826,-76.791],[-29.087,47.898],[0,0],[-0.954,1.928],[-0.647,15.508]],"o":[[-13.329,28.388],[-5.149,8.695],[35.269,-63.645],[0,0],[68.047,-200.174],[0.013,-0.239],[-1.875,20.781]],"v":[[92.224,-173.74],[13.39,20.657],[-116.745,258.907],[12.308,20.757],[14.492,18.16],[91.42,-172.338],[106.849,-229.518]],"c":true}]},{"i":{"x":0.833,"y":0.833},"o":{"x":0.167,"y":0.167},"t":18,"s":[{"i":[[11.445,-20.949],[8.035,-24.627],[23.194,-78.562],[-29.087,47.898],[0,0],[-0.954,1.928],[-0.647,15.508]],"o":[[-30.394,21.955],[-5.149,8.695],[21.354,-70.23],[0,0],[68.047,-200.174],[0.013,-0.239],[-1.875,20.781]],"v":[[95.805,-171.847],[10.016,16.366],[-111.887,267.776],[10.196,14.058],[9.939,14.554],[97.584,-168.938],[109.005,-233.032]],"c":true}]},{"i":{"x":0.833,"y":0.833},"o":{"x":0.167,"y":0.167},"t":21,"s":[{"i":[[6.59,-20.871],[8.035,-24.627],[33.51,-77.677],[-29.087,47.898],[0,0],[-0.954,1.928],[-0.647,15.508]],"o":[[-27.436,15.714],[-5.149,8.695],[30.078,-65.622],[0,0],[68.047,-200.174],[0.013,-0.239],[-1.875,20.781]],"v":[[98.725,-169.495],[13.3,18.409],[-105.175,233.736],[15.43,18.197],[15.344,18.318],[100.666,-167.237],[107.927,-231.275]],"c":true}]},{"t":24,"s":[{"i":[[1.736,-20.792],[8.035,-24.627],[43.826,-76.791],[-29.087,47.898],[0,0],[-0.954,1.928],[-0.647,15.508]],"o":[[-24.479,9.473],[-5.149,8.695],[38.803,-61.014],[0,0],[68.047,-200.174],[0.013,-0.239],[-1.875,20.781]],"v":[[101.645,-167.144],[16.585,20.452],[-106.848,229.518],[20.663,22.335],[20.748,22.083],[103.748,-165.537],[106.849,-229.518]],"c":true}]}],"ix":2},"nm":"Path 1","mn":"ADBE Vector Shape - Group","hd":false},{"ty":"fl","c":{"a":0,"k":[0.73,0.73,0.73,1],"ix":4},"o":{"a":0,"k":100,"ix":5},"r":1,"bm":0,"nm":"Fill 1","mn":"ADBE Vector Graphic - Fill","hd":false},{"ty":"tr","p":{"a":0,"k":[151.202,258.876],"ix":2},"a":{"a":0,"k":[0,0],"ix":1},"s":{"a":0,"k":[100,100],"ix":3},"r":{"a":0,"k":0,"ix":6},"o":{"a":0,"k":100,"ix":7},"sk":{"a":0,"k":0,"ix":4},"sa":{"a":0,"k":0,"ix":5},"nm":"Transform"}],"nm":"Group 2","np":2,"cix":2,"bm":0,"ix":2,"mn":"ADBE Vector Group","hd":false},{"ty":"gr","it":[{"ind":0,"ty":"sh","ix":1,"ks":{"a":1,"k":[{"i":{"x":0.833,"y":0.833},"o":{"x":0.167,"y":0.167},"t":0,"s":[{"i":[[0,0],[0,0],[0,0],[11.333,-11.333],[0,0],[-6.979,-13.57],[-34,0],[4.048,10.524],[0,0],[0,0],[-24.42,6.764],[0,0]],"o":[[0,0],[0,0],[0,0],[-11.334,11.334],[0,0],[6.663,12.958],[34,0],[-4.048,-10.524],[0,0],[0,0],[0,0],[0,0]],"v":[[-23.887,-252.756],[-22.919,-137.31],[-21.998,-27.438],[-111.856,205.706],[-129.665,225.135],[-109.427,246.182],[-61.665,275.963],[-79.475,259.135],[-85.95,212.181],[39.525,4.047],[123.582,-183.676],[129.665,-275.963]],"c":true}]},{"i":{"x":0.833,"y":0.833},"o":{"x":0.167,"y":0.167},"t":3,"s":[{"i":[[0,0],[0.315,-14.08],[0,0],[8.875,-12.489],[0,0],[-15.386,-15.792],[-21.737,-13.281],[1.773,10.298],[0,0],[0,0],[-10.625,20.157],[0,0]],"o":[[0,0],[-0.28,12.512],[0,0],[-8.952,13.291],[0,0],[7.746,11.003],[-0.126,-4.137],[-1.743,-10.893],[0,0],[0,0],[0,0],[0,0]],"v":[[-20.015,-264.389],[-15.589,-143.676],[-11.391,-20.693],[-108.898,202.119],[-129.058,221.975],[-116.456,249.09],[-77.726,292.54],[-84.78,258.456],[-84.578,213.218],[64.395,6.646],[121.462,-185.008],[131.589,-269.122]],"c":true}]},{"i":{"x":0.833,"y":0.833},"o":{"x":0.167,"y":0.167},"t":6,"s":[{"i":[[0,0],[0.631,-28.16],[0,0],[6.418,-13.645],[0,0],[-23.793,-18.014],[-20.768,-17.632],[-0.503,10.072],[0,0],[0,0],[3.171,33.549],[0,0]],"o":[[0,0],[-0.561,25.023],[0,0],[-6.569,15.249],[0,0],[8.83,9.048],[-2.736,-12.471],[0.562,-11.262],[0,0],[0,0],[0,0],[0,0]],"v":[[-16.142,-276.021],[-8.26,-150.042],[-0.785,-13.949],[-105.94,198.531],[-128.451,218.816],[-123.485,251.997],[-93.786,309.117],[-90.085,257.776],[-83.206,214.255],[89.264,9.244],[119.343,-186.339],[133.513,-262.281]],"c":true}]},{"i":{"x":0.833,"y":0.833},"o":{"x":0.167,"y":0.167},"t":12,"s":[{"i":[[0,0],[1.262,-56.32],[0,0],[1.503,-15.957],[0,0],[-23.989,-8.135],[-20.877,-15.749],[4.048,10.524],[0,0],[0,0],[-14.964,34.219],[0,0]],"o":[[0,0],[-1.121,50.047],[0,0],[-1.805,19.164],[0,0],[12.397,4.204],[4.974,3.752],[-4.048,-10.524],[0,0],[0,0],[0,0],[0,0]],"v":[[-8.397,-299.286],[-47.798,-150.505],[-49.733,2.583],[-105.436,208.523],[-112.974,233.77],[-122.885,264.531],[-63.113,304.4],[-88.824,257.014],[-80.462,216.329],[39.525,4.047],[115.104,-189.002],[137.362,-248.6]],"c":true}]},{"i":{"x":0.833,"y":0.833},"o":{"x":0.167,"y":0.167},"t":18,"s":[{"i":[[0,0],[8.895,-48.515],[0,0],[6.418,-13.645],[0,0],[0.989,-15.967],[-27.201,-9.699],[3.699,13.201],[0,0],[0,0],[-19.692,20.491],[0,0]],"o":[[0,0],[-4.514,24.619],[0,0],[-6.569,15.249],[0,0],[13.357,5.496],[39.847,9.606],[-3.059,-10.919],[0,0],[0,0],[0,0],[0,0]],"v":[[-8.427,-307.142],[-34.362,-160.37],[-49.038,-63.765],[-108.646,207.115],[-120.119,249.753],[-128.861,266.554],[-63.042,288.927],[-86.008,255.654],[-78.437,215.759],[31.543,-0.567],[119.343,-186.339],[136.624,-265.495]],"c":true}]},{"i":{"x":0.833,"y":0.833},"o":{"x":0.167,"y":0.167},"t":21,"s":[{"i":[[0,0],[4.448,-24.258],[0,0],[8.875,-12.489],[0,0],[-9.941,-9.747],[-30.601,-4.85],[3.873,11.863],[0,0],[0,0],[-22.056,13.628],[0,0]],"o":[[0,0],[-2.257,12.31],[0,0],[-8.952,13.291],[0,0],[10.01,9.227],[36.923,4.803],[-3.554,-10.721],[0,0],[0,0],[0,0],[0,0]],"v":[[-16.157,-279.949],[-28.641,-148.84],[-35.518,-45.601],[-110.251,206.41],[-124.892,237.444],[-119.144,256.368],[-62.354,282.445],[-82.741,257.394],[-82.194,213.97],[35.534,1.74],[121.462,-185.008],[133.144,-270.729]],"c":true}]},{"t":24,"s":[{"i":[[0,0],[0,0],[0,0],[11.333,-11.333],[0,0],[-6.979,-13.57],[-34,0],[4.048,10.524],[0,0],[0,0],[-24.42,6.764],[0,0]],"o":[[0,0],[0,0],[0,0],[-11.334,11.334],[0,0],[6.663,12.958],[34,0],[-4.048,-10.524],[0,0],[0,0],[0,0],[0,0]],"v":[[-23.887,-252.756],[-22.919,-137.31],[-21.998,-27.438],[-111.856,205.706],[-129.665,225.135],[-109.427,246.182],[-61.665,275.963],[-79.475,259.135],[-85.95,212.181],[39.525,4.047],[123.582,-183.676],[129.665,-275.963]],"c":true}]}],"ix":2},"nm":"Path 1","mn":"ADBE Vector Shape - Group","hd":false},{"ty":"fl","c":{"a":0,"k":[0.37,0.37,0.37,1],"ix":4},"o":{"a":0,"k":100,"ix":5},"r":1,"bm":0,"nm":"Fill 1","mn":"ADBE Vector Graphic - Fill","hd":false},{"ty":"tr","p":{"a":0,"k":[129.915,276.213],"ix":2},"a":{"a":0,"k":[0,0],"ix":1},"s":{"a":0,"k":[100,100],"ix":3},"r":{"a":0,"k":0,"ix":6},"o":{"a":0,"k":100,"ix":7},"sk":{"a":0,"k":0,"ix":4},"sa":{"a":0,"k":0,"ix":5},"nm":"Transform"}],"nm":"Group 3","np":2,"cix":2,"bm":0,"ix":3,"mn":"ADBE Vector Group","hd":false}],"ip":0,"op":25,"st":0,"bm":0},{"ddd":0,"ind":8,"ty":4,"nm":"leg2","parent":4,"sr":1,"ks":{"o":{"a":0,"k":100,"ix":11},"r":{"a":1,"k":[{"i":{"x":[0.833],"y":[0.833]},"o":{"x":[0.167],"y":[0.167]},"t":0,"s":[0]},{"i":{"x":[0.833],"y":[0.833]},"o":{"x":[0.167],"y":[0.167]},"t":12,"s":[37]},{"t":24,"s":[0]}],"ix":10},"p":{"a":1,"k":[{"i":{"x":0.833,"y":0.833},"o":{"x":0.167,"y":0.167},"t":0,"s":[97,357.5,0],"to":[0,0,0],"ti":[0,0,0]},{"i":{"x":0.833,"y":0.833},"o":{"x":0.167,"y":0.167},"t":6,"s":[96.5,348,0],"to":[0,0,0],"ti":[0,0,0]},{"i":{"x":0.833,"y":0.833},"o":{"x":0.167,"y":0.167},"t":12,"s":[96,326.5,0],"to":[0,0,0],"ti":[0,0,0]},{"i":{"x":0.833,"y":0.833},"o":{"x":0.167,"y":0.167},"t":18,"s":[96.5,329,0],"to":[0,0,0],"ti":[0,0,0]},{"t":24,"s":[97,357.5,0]}],"ix":2},"a":{"a":0,"k":[102,392,0],"ix":1},"s":{"a":0,"k":[100,100,100],"ix":6}},"ao":0,"shapes":[{"ty":"gr","it":[{"ind":0,"ty":"sh","ix":1,"ks":{"a":1,"k":[{"i":{"x":0.833,"y":0.833},"o":{"x":0.167,"y":0.167},"t":0,"s":[{"i":[[0,0],[9.066,0.89],[29.335,-6.42],[0.249,-22.645],[0,0],[0,0],[-2.429,-6.072],[-10.525,0],[-2.023,0],[0,0],[14.571,26.715],[0,0],[14.871,26.534],[6.712,2.73]],"o":[[0,0],[-5.909,-0.58],[-9.777,2.14],[-1.265,115.053],[0,0],[0,0],[2.429,6.071],[10.523,0],[2.023,0],[0,0],[-14.573,-26.715],[0,0],[-17.219,-30.724],[-11.496,-4.676]],"v":[[-78.284,-161.858],[-103.047,-158.383],[-126.292,-148.543],[-145.206,-107.318],[-4.738,172.778],[75,395.27],[70.682,424.811],[96.183,424.811],[135.85,424.864],[157.706,424.407],[100.232,391.215],[54.492,143.5],[5.262,-142.239],[-50.461,-164.287]],"c":true}]},{"i":{"x":0.833,"y":0.833},"o":{"x":0.167,"y":0.167},"t":6,"s":[{"i":[[0,0],[9.066,0.89],[29.335,-6.42],[-5.866,-20.931],[0,0],[0,0],[4.286,-10.061],[-10.157,2.898],[-3.989,1.538],[0,0],[4.926,19.417],[0,0],[27.312,40.29],[6.712,2.73]],"o":[[0,0],[-5.909,-0.58],[-9.777,2.14],[29.352,70.706],[0,0],[0,0],[7.876,18.791],[13.711,-3.769],[12.687,-2.987],[0,0],[-2.06,-6.19],[0,0],[-19.044,-29.548],[-11.496,-4.676]],"v":[[-78.284,-161.858],[-103.047,-158.383],[-126.292,-148.543],[-157.344,-89.35],[-24.092,170.301],[85.182,412.367],[75.597,438.564],[97.811,446.467],[135.267,434.022],[159.012,423.376],[104.756,404.388],[46.19,149.486],[-0.858,-129.175],[-51.109,-163.486]],"c":true}]},{"i":{"x":0.833,"y":0.833},"o":{"x":0.167,"y":0.167},"t":12,"s":[{"i":[[0,0],[9.066,0.89],[29.335,-6.42],[-11.981,-19.218],[0,0],[0,0],[1.58,-8.264],[-9.231,-5.056],[-2.01,0.231],[0,0],[4.85,30.042],[0,0],[39.753,54.046],[6.712,2.73]],"o":[[0,0],[-5.909,-0.58],[-9.777,2.14],[45.544,73.054],[0,0],[0,0],[-1.228,6.423],[12.513,6.853],[22.726,-2.613],[0,0],[-5.606,-34.719],[0,0],[-20.869,-28.372],[-11.496,-4.676]],"v":[[-78.284,-161.858],[-103.047,-158.383],[-126.292,-148.543],[-158.737,-77.087],[12.832,159.538],[82.2,394.854],[78.582,424.493],[96.386,425.911],[132.782,439.071],[175.49,417.267],[107.824,387.998],[77.084,140.249],[-6.978,-116.111],[-51.757,-162.684]],"c":true}]},{"i":{"x":0.833,"y":0.833},"o":{"x":0.167,"y":0.167},"t":18,"s":[{"i":[[0,0],[9.066,0.89],[29.335,-6.42],[-5.866,-20.931],[0,0],[0,0],[3.258,-10.772],[-3.679,-1.378],[-11.426,-3.355],[0,0],[9.711,28.378],[0,0],[27.312,40.29],[6.712,2.73]],"o":[[0,0],[-5.909,-0.58],[-9.777,2.14],[22.139,94.054],[0,0],[0,0],[0.601,6.247],[10.792,1.689],[8.746,7.295],[0,0],[-10.089,-30.717],[0,0],[-19.044,-29.548],[-11.496,-4.676]],"v":[[-78.284,-161.858],[-103.047,-158.383],[-126.292,-148.543],[-151.971,-92.203],[48.914,133.219],[78.6,395.062],[66.711,411.222],[93.913,425.363],[118.425,431.749],[151.757,439.511],[104.028,389.606],[110.983,119.371],[-0.858,-129.175],[-51.109,-163.486]],"c":true}]},{"t":24,"s":[{"i":[[0,0],[9.066,0.89],[29.335,-6.42],[0.249,-22.645],[0,0],[0,0],[-2.429,-6.072],[-10.525,0],[-2.023,0],[0,0],[14.571,26.715],[0,0],[14.871,26.534],[6.712,2.73]],"o":[[0,0],[-5.909,-0.58],[-9.777,2.14],[-1.265,115.053],[0,0],[0,0],[2.429,6.071],[10.523,0],[2.023,0],[0,0],[-14.573,-26.715],[0,0],[-17.219,-30.724],[-11.496,-4.676]],"v":[[-78.284,-161.858],[-103.047,-158.383],[-126.292,-148.543],[-145.206,-107.318],[-4.738,172.778],[75,395.27],[70.682,424.811],[96.183,424.811],[135.85,424.864],[157.706,424.407],[100.232,391.215],[54.492,143.5],[5.262,-142.239],[-50.461,-164.287]],"c":true}]}],"ix":2},"nm":"Path 1","mn":"ADBE Vector Shape - Group","hd":false},{"ty":"fl","c":{"a":0,"k":[0.3333,0.3333,0.3333,1],"ix":4},"o":{"a":0,"k":100,"ix":5},"r":1,"bm":0,"nm":"Fill 1","mn":"ADBE Vector Graphic - Fill","hd":false},{"ty":"tr","p":{"a":0,"k":[157.956,467.963],"ix":2},"a":{"a":0,"k":[0,0],"ix":1},"s":{"a":0,"k":[100,100],"ix":3},"r":{"a":0,"k":0,"ix":6},"o":{"a":0,"k":100,"ix":7},"sk":{"a":0,"k":0,"ix":4},"sa":{"a":0,"k":0,"ix":5},"nm":"Transform"}],"nm":"Group 2","np":2,"cix":2,"bm":0,"ix":1,"mn":"ADBE Vector Group","hd":false}],"ip":0,"op":25,"st":0,"bm":0},{"ddd":0,"ind":9,"ty":4,"nm":"phon/ ","parent":1,"sr":1,"ks":{"o":{"a":0,"k":100,"ix":11},"r":{"a":0,"k":3.767,"ix":10},"p":{"a":0,"k":[302.131,73.59,0],"ix":2},"a":{"a":0,"k":[24,34.5,0],"ix":1},"s":{"a":0,"k":[100,100,100],"ix":6}},"ao":0,"shapes":[{"ty":"gr","it":[{"ind":0,"ty":"sh","ix":1,"ks":{"a":0,"k":{"i":[[0,0],[0,0],[0,0],[0,0]],"o":[[0,0],[0,0],[0,0],[0,0]],"v":[[21.723,-18.395],[18.391,-29.727],[-21.723,25.411],[-17.405,29.727]],"c":true},"ix":2},"nm":"Path 1","mn":"ADBE Vector Shape - Group","hd":false},{"ty":"fl","c":{"a":0,"k":[0.3333,0.3333,0.3333,1],"ix":4},"o":{"a":0,"k":100,"ix":5},"r":1,"bm":0,"nm":"Fill 1","mn":"ADBE Vector Graphic - Fill","hd":false},{"ty":"tr","p":{"a":0,"k":[25.21,38.883],"ix":2},"a":{"a":0,"k":[0,0],"ix":1},"s":{"a":0,"k":[100,100],"ix":3},"r":{"a":0,"k":0,"ix":6},"o":{"a":0,"k":100,"ix":7},"sk":{"a":0,"k":0,"ix":4},"sa":{"a":0,"k":0,"ix":5},"nm":"Transform"}],"nm":"Group 1","np":2,"cix":2,"bm":0,"ix":1,"mn":"ADBE Vector Group","hd":false},{"ty":"gr","it":[{"ind":0,"ty":"sh","ix":1,"ks":{"a":0,"k":{"i":[[0,0],[0,0],[0,0],[0,0]],"o":[[0,0],[0,0],[0,0],[0,0]],"v":[[-18.438,32.022],[21.676,-23.117],[9.355,-32.022],[-21.676,20.867]],"c":true},"ix":2},"nm":"Path 1","mn":"ADBE Vector Shape - Group","hd":false},{"ty":"fl","c":{"a":0,"k":[0.4,0.4,0.4,1],"ix":4},"o":{"a":0,"k":100,"ix":5},"r":1,"bm":0,"nm":"Fill 1","mn":"ADBE Vector Graphic - Fill","hd":false},{"ty":"tr","p":{"a":0,"k":[21.925,32.272],"ix":2},"a":{"a":0,"k":[0,0],"ix":1},"s":{"a":0,"k":[100,100],"ix":3},"r":{"a":0,"k":0,"ix":6},"o":{"a":0,"k":100,"ix":7},"sk":{"a":0,"k":0,"ix":4},"sa":{"a":0,"k":0,"ix":5},"nm":"Transform"}],"nm":"Group 2","np":2,"cix":2,"bm":0,"ix":2,"mn":"ADBE Vector Group","hd":false}],"ip":0,"op":25,"st":0,"bm":0},{"ddd":0,"ind":10,"ty":4,"nm":"Layer 12/men Outlines","sr":1,"ks":{"o":{"a":0,"k":100,"ix":11},"r":{"a":0,"k":0,"ix":10},"p":{"a":0,"k":[498,1058,0],"ix":2},"a":{"a":0,"k":[261,9,0],"ix":1},"s":{"a":1,"k":[{"i":{"x":[0.833,0.833,0.833],"y":[0.833,0.833,0.833]},"o":{"x":[0.167,0.167,0.167],"y":[0.167,0.167,0.167]},"t":0,"s":[100,100,100]},{"i":{"x":[0.833,0.833,0.833],"y":[0.833,0.833,0.833]},"o":{"x":[0.167,0.167,0.167],"y":[0.167,0.167,0.167]},"t":6,"s":[63,100,100]},{"i":{"x":[0.833,0.833,0.833],"y":[0.833,0.833,0.833]},"o":{"x":[0.167,0.167,0.167],"y":[0.167,0.167,0.167]},"t":12,"s":[100,100,100]},{"i":{"x":[0.833,0.833,0.833],"y":[0.833,0.833,0.833]},"o":{"x":[0.167,0.167,0.167],"y":[0.167,0.167,0.167]},"t":18,"s":[63,100,100]},{"t":24,"s":[100,100,100]}],"ix":6}},"ao":0,"shapes":[{"ty":"gr","it":[{"ind":0,"ty":"sh","ix":1,"ks":{"a":0,"k":{"i":[[0,-4.767],[143.821,0],[0,4.767],[-143.821,0]],"o":[[0,4.767],[-143.821,0],[0,-4.767],[143.821,0]],"v":[[260.412,0.001],[-0.001,8.632],[-260.412,0.001],[-0.001,-8.632]],"c":true},"ix":2},"nm":"Path 1","mn":"ADBE Vector Shape - Group","hd":false},{"ty":"fl","c":{"a":0,"k":[0.56,0.56,0.56,1],"ix":4},"o":{"a":0,"k":100,"ix":5},"r":1,"bm":0,"nm":"Fill 1","mn":"ADBE Vector Graphic - Fill","hd":false},{"ty":"tr","p":{"a":0,"k":[260.663,8.882],"ix":2},"a":{"a":0,"k":[0,0],"ix":1},"s":{"a":0,"k":[100,100],"ix":3},"r":{"a":0,"k":0,"ix":6},"o":{"a":0,"k":100,"ix":7},"sk":{"a":0,"k":0,"ix":4},"sa":{"a":0,"k":0,"ix":5},"nm":"Transform"}],"nm":"Group 1","np":2,"cix":2,"bm":0,"ix":1,"mn":"ADBE Vector Group","hd":false}],"ip":0,"op":25,"st":0,"bm":0}],"markers":[{"tm":6,"cm":"1","dr":0},{"tm":12,"cm":"2","dr":0},{"tm":18,"cm":"3","dr":0}]}