{
  "project_info": {
    "project_number": "143608495594",
    "project_id": "taller3-96c12",
    "storage_bucket": "taller3-96c12.firebasestorage.app"
  },
  "client": [
    {
      "client_info": {
        "mobilesdk_app_id": "1:143608495594:android:59386c91789d57a8ec0693",
        "android_client_info": {
          "package_name": "com.example.taller3"
        }
      },
      "oauth_client": [],
      "api_key": [
        {
          "current_key": "AIzaSyBOmfi_rGNeFo6zRMd0mxGx0wA8TqgR4_o"
        }
      ],
      "services": {
        "appinvite_service": {
          "other_platform_oauth_client": []
        }
      }
    }
  ],
  "configuration_version": "1"
}